id,Label
20951,門脇麦
13839,水原希子
3557,高良健吾
11823,青柳拓次
26959,森雅之
28508,久我美子
4488,香川京子
28753,宇野重吉
36197,道三重三
36198,安西郷子
36199,関千恵子
36200,夏川静江
28488,田中絹代
35778,堀雄二
36195,花井蘭子
28503,東野英治郎
28668,三島雅夫
36196,小杉義男
36190,ソン・ミンギョン
36191,大野洋史
36192,野中朋子
36193,ハン・ヨンホ
25867,廣瀬智紀
20382,北原里英
36176,小松準弥
36177,前島亜美
36178,小早川俊輔
28887,京マチ子
28500,山田五十鈴
36141,三濃川陽介
36142,栗林藍希
32275,新井郁
9985,草村礼子
2920,渡辺いっけい
36133,山内きみ江
36134,山内定
36135,中村賢一
36136,斉藤くるみ
36137,中島萌絵
36138,佐川修
36129,守屋光治
36130,中崎敏
36131,森優作
36132,永嶋柊吾
25537,堀夏子
20069,小篠恵奈
36123,菊地敦子
36124,鈴木睦海
36125,石山優太
36114,菅谷晋一
36115,ザ・クロマニヨンズ
36116,OKAMOTO'S
1088,永瀬正敏
1217,佐野史郎
19401,金山一彦
7738,後藤ひろひと
13777,大西信満
8156,堀内正美
8852,月船さらら
1436,大杉漣
84,大塚寧々
585,水橋研二
9616,菜葉菜
25546,小松政夫
33839,中島広稀
3930,草野康太
27963,久保田紗友
21860,坂本長利
36102,杉山真宏
36103,仲田博喜
30382,和合真一
19035,DAIGO
36094,松田岳
35246,三山凌輝
36095,笹翼
36096,秋葉友佑
21421,戸塚純貴
36089,島かおり
36090,綿引勝彦
13976,菅田将暉
23834,Fukase
4796,小栗旬
2282,神木隆之介
21184,中村倫也
5664,木村昴
8595,新木優子
36166,池谷のぶえ
13900,杉田智和
13040,松坂桃李
34066,仲野太賀
4864,山中崇
4131,若葉竜也
15639,芹澤興人
36085,コカドケンタロウ
36086,山崎夢羽
5176,西田尚美
10093,尾藤イサオ
19788,中尾ミエ
30348,武田玲奈
31482,しゅはまはるみ
21946,佐野岳
307,藤原竜也
14225,風間俊介
14662,土屋太鳳
30573,西野七瀬
5620,豊川悦司
25415,坂口健太郎
1635,北村一輝
12994,吉瀬美智子
9629,木村祐一
13164,池田鉄洋
30541,青野楓
1290,杉本哲太
35045,奈緒
2754,田中哲司
2841,鹿賀丈史
7652,伊原剛志
34633,鈴鹿央士
19177,バカリズム
3894,夏帆
18634,臼田あさ美
23607,佐藤玲
13957,山田真歩
25005,石井杏奈
32278,栗原吾郎
5214,柄本時生
25500,小野花梨
36056,見上愛
13648,古舘寛治
24738,篠原ゆき子
7441,倉科カナ
12413,高畑淳子
36052,境川秀昭
36053,高田川勝巳
36054,豪栄道豪太郎
36055,竜電剛至
2267,市川実和子
3139,忍成修吾
17660,長尾和宏
25091,柾木玲弥
36035,榊原徹士
36036,朝井大智
36037,木田佳介
26795,兒玉遥
36038,川﨑健太
36039,中山こころ
36040,舘昌美
36041,橘さり
36032,西村裕慶
36042,白又敦
6777,虎牙光揮
36043,海道力也
4359,林海象
10167,中野英雄
8704,福士誠治
35502,芋生悠
15546,前野朋哉
28241,般若
31523,一ノ瀬ワタル
35663,北代高士
9412,波岡一喜
36031,野間口徹
10013,渡辺哲
17944,山路和弘
2291,松山ケンイチ
15045,ムロツヨシ
1439,菅野美穂
4741,高畑充希
1884,尾野真千子
5497,林遣都
25920,中川大志
6963,綾野剛
20168,舘ひろし
724,市原隼人
5714,古田新太
23509,小松菜奈
32493,寺田心
8115,杏
7218,佐藤健
2746,阿部寛
36017,ラウール
36018,吉川愛
36015,松尾渉平
25489,村上由規乃
35997,金野佳博
35998,千田秀幸
35999,城戸直行
32094,櫻井保幸
35985,佐野弘樹
35986,カレン
35987,松本知道
35988,中藤契
35989,新井敬太
20297,桜木梨奈
27467,山本真由美
16695,橋本一郎
35973,島侑子
35974,中村有
35975,鶏冠井孝介
35976,紺野ふくた
18680,山谷花純
35962,佐藤眞生
35963,佐藤縫子
36070,加藤褜男
36071,小泉正壽
36072,菊地藤吉
36073,菊地信子
36074,岡崎佐枝子
35949,ダーヴィド・グロス
35953,塚本ニキ
35954,井出留美
35955,青江覚峰
35956,若杉友子
16167,小林竜樹
17052,しじみ
3428,川瀬陽太
35947,長内美那子
35948,湯舟すぴか
1762,烏丸せつこ
31949,長屋和彰
35940,永井秀樹
35941,大滝樹
21953,優希美青
35929,井上祐貴
13734,永岡佑
35925,小園優
8786,柳英里紗
35926,湯澤俊典
35927,外波山文明
12399,皆川純子
28235,浜辺美波
17758,高杉真宙
19060,藤井流星
1932,栗原小巻
28867,高橋洋子
14328,田中健
35909,水の江瀧子
28793,小沢栄太郎
35910,水原英子
35911,藤堂陽子
35912,柳川由紀子
35913,中川陽子
35914,梅沢昌代
35915,神保共子
35916,砂塚秀夫
29174,中谷一郎
29379,浜田光夫
16873,岩崎加根子
35917,牧よし子
28483,高峰秀子
7053,宝田明
28629,加東大介
2718,小林桂樹
16413,草笛光子
29418,仲谷昇
28548,伊藤雄之助
28804,多々良純
35861,織田政雄
35862,加藤武
35863,文野朋子
35842,賀原夏子
35864,飯田蝶子
35865,北川町子
35866,紅園ゆりか
35839,中北千枝子
35867,矢吹寿子
7826,菅井きん
35868,伊藤久哉
35869,万代峯子
35870,石田茂樹
35871,中山豊
35872,名古屋章
35873,小西瑠美
35874,河美智子
35875,吉川雅恵
35876,遠藤辰雄
35877,青木千里
29132,稲野和子
35878,八木昌子
35879,林美智子
35880,森明子
35881,森川ひろ子
35882,宇野美子
35883,霧島八千代
35884,加賀元女
35885,梅香ふみ子
35886,内田朝雄
35887,楠義孝
35888,福山博寿
35889,妻紀一平
35890,梶川武利
35891,山本稔
35892,西沢利明
35893,杉裕之
35894,笈田勝弘
35895,和気成一
35896,細谷清
29139,岸田森
30139,草野大悟
1191,橋爪功
35897,森金太
35898,砂川明美
35899,千草千代
35900,小坂沙代
35901,千原万紀子
35902,土佐林道子
790,岡田茉莉子
28935,杉村春子
35838,栗島すみ子
35840,松山なつ子
35841,泉千代
29360,宮口精二
35843,龍岡晋
35844,音羽久米子
35845,松尾文人
28732,南美江
35846,鉄一郎
35847,佐田豊
35848,中村伸郎
35849,堤康久
35850,河辺昌義
35851,大村千吉
35852,真保典子
35853,上野明美
35854,上田吉二郎
35855,平凡太郎
35856,江幡秀子
35857,加藤茂雄
35831,山根寿子
28329,三船敏郎
35787,菅井一郎
35832,松浦築枝
35829,上原謙
35830,高杉早苗
28574,笠智衆
29014,山村聰
28912,長谷川一夫
35815,市川扇升
29579,河野秋武
35796,田中春男
35816,三谷幸子
35817,横山運平
35818,清川玉枝
35819,林喜美子
35820,葛城文子
35821,鳥羽陽之助
35822,沢井三郎
35823,花沢徳衛
35824,鬼頭善一郎
35825,永井柳筰
35826,深見泰三
28927,船越英二
35811,竜様明
35812,金田一敦子
28928,沢村貞子
28945,南部彰三
35813,東山千栄子
35790,三津田健
30180,水戸光子
28608,岸恵子
28888,川口浩
35806,浜村純
266,岸田今日子
35807,土方孝哉
29080,夏木章
35808,友田輝
35794,大谷友右衛門
28618,進藤英太郎
35788,見明凡太郎
35795,浪花千栄子
35797,十朱久雄
35798,阿井美千子
35799,峰幸子
35786,花柳喜章
35789,清水将夫
35791,小園蓉子
28558,乙羽信子
35779,平井岐代子
35780,金剛麗子
28904,柳永二郎
35781,小林叶江
35782,横山文彦
35783,藤川準
28523,佐野周二
35775,村田知英子
35770,川崎弘子
35771,斎藤達雄
35772,日守新一
35773,三村秀子
36278,白濱亜嵐（EXILE / GENERATIONS）
22717,平祐奈
30688,白洲迅
1872,奥田瑛二
12518,花澤香菜
22739,小松未可子
1716,櫻井孝宏
30503,北村匠海
25033,山本舞香
32371,伊藤健太郎
5350,伊勢谷友介
16502,山田裕貴
32544,杉野遥亮
35751,今田美桜
20412,鈴木伸之
35752,磯村勇斗
26553,間宮祥太朗
22013,吉沢亮
5277,長澤まさみ
19654,東出昌大
10423,小手伸也
2840,江口洋介
1355,小日向文世
35747,城桧吏
35748,板垣李光人
5396,北川景子
26423,渡辺直美
37,浅野忠信
1265,宮沢りえ
2246,小林薫
35741,ルー・ユーライ
128,藤竜也
22222,松本利夫
23353,柳ゆり菜
35730,佐久田脩
127,加藤雅也
35505,犬飼貴丈
21413,岡村いずみ
24979,横山雄二
35713,矢沢ようこ
21743,福士蒼汰
35709,関水渚
31618,新田真剣佑
33877,吉田鋼太郎
13930,賀来賢人
20262,清野菜名
26572,橋本環奈
218,矢本悠馬
35707,若月佑美
1575,柳楽優弥
16519,落合モトキ
31073,寛一郎
16548,草彅剛
35701,服部樹咲
2638,水川あさみ
861,田口トモロヲ
32185,真飛聖
30326,石橋静河
35699,立花恵理
3056,山中聡
23,石橋蓮司
8640,大楠道代
258,岸部一徳
1878,桃井かおり
18679,山﨑賢人
21353,松岡茉優
35673,倉悠貴
35674,石内呂依
35675,さいとうなり
35665,阿部裕美
35664,渡邊将
35658,武田暁
35659,河屋秀俊
23856,和田光沙
35654,我妻天湖
35655,江藤修平
17850,小原早織
4944,木村文洋
35644,尾上松也
15398,百田夏菜子
23911,柿澤勇人
27679,石田ニコル
4636,田中圭
8250,星野源
35628,眉村ちあき
13374,徳永えり
31754,品田誠
35631,月登
32113,小川紗良
7854,森岡龍
25822,川上奈々美
33958,須藤蓮
25513,岡山天音
4854,成海璃子
13148,斉藤由貴
3368,佐津川愛美
10144,小木茂光
21391,佐々木心音
35615,出口亜梨沙
23702,松本梨香
205,大谷育江
35598,工藤遥
2562,高山みなみ
2564,山崎和佳奈
14794,小山力也
21771,森川葵
23910,松井玲奈
22798,上田麗奈
25936,村中知
35573,佐々木優子
9872,てらそままさき
13133,吉野裕行
30769,森なな子
16471,小野賢章
35574,佐々木梅治
35568,藤谷理子
34762,神尾楓珠
35567,内田倭史
35566,ヒロシエリ
25683,森田甘路
361,山田孝之
71,広末涼子
197,余貴美子
1062,國村隼
35555,鈴代紗弓
35556,幸村恵理
20030,仲谷明香
20767,瀬戸麻沙美
25096,山村響
29756,富田美憂
709,矢島晶子
10361,藤原啓治
35547,青野竜平
35548,郷田明希
35549,斎藤陸
2242,近藤芳正
35545,欅坂46
35537,水谷哲也
35538,佐々木洋
35539,大谷翔平
35540,菊池雄星
35533,前原滉
3397,富司純子
33956,シム・ウンギョン
13890,杉山紀彰
30612,下屋則子
13891,川澄綾子
22790,花江夏樹
35529,鬼頭明里
98,下野紘
22797,松岡禎丞
19614,日野聡
14519,前野智昭
6515,石田彰
11902,宮野真守
25427,島﨑信長
26761,高橋李依
35516,上村侑
35517,黒岩よし
35518,名倉雪乃
18746,武井咲
27552,竹内涼真
166,佐藤浩市
21116,竜星涼
35501,郁美カデール
25437,廣田朋菜
35500,稲本弥生
35499,小沼傑
35498,小野みゆき
35470,小野莉奈
35471,平井亜門
35472,西本まりん
35473,中村守里
35474,黒木ひかり
35475,目次立樹
26165,藤原季節
21189,原知佐子
35447,細川岳
27962,萩原みのり
30970,松林うらら
35376,古川琴音
23721,伊藤沙莉
35685,​福田麻由子
35686,​川添野愛
23674,瀧内公美
23437,吉村界人
24815,渡辺紘文
34357,久次璃子
35455,川北のん
24826,吉本実憂
35456,中島ひろ子
19972,富樫真
35457,鈴木聖奈
9529,宮下順子
12292,小林綾子
32625,佐久間由衣
2689,多部未華子
17570,岸井ゆきの
35918,美村里江
27267,岩田剛典
9400,和田瞳
25744,水野勝
19087,奥野瑛太
20000,嶺豪一
5622,片岡礼子
30272,松本穂香
30512,瀬戸利樹
35434,いとうあさこ
19225,佃典彦
16172,大方斐紗子
35427,小長谷唯織
35428,小長谷息吹
35645,小川淳也
35417,EMILY
35418,SWAY
4236,森山大道
35415,神林豊
35416,町口覚
34355,円井わん
35444,間瀬英正
35411,山田太一
35412,小島聖良
35413,清水拓蔵
23860,吉岡里帆
3881,井上真央
16694,三浦貴大
4451,夏木マリ
16176,広橋涼
17843,佐藤利奈
31017,茅野愛衣
5337,竹財輝之助
35442,猪塚健太
19901,松村北斗
33164,森七菜
25671,伊藤万理華
25853,金子大地
35408,河合優実
25476,祷キララ
35406,村田太志
25095,嶋村侑
21017,伊藤かな恵
35385,平井早紀
35386,伊藤恵
35387,山中隆史
35388,田口善央
35389,満園雄太
35390,辻井拓
35397,藤村修アルーノル
35391,木村成志
35392,野村一瑛
35393,万徳寺あんり
35394,中澤梓佐
35395,吉川みこと
35396,羽田真
9319,森山未來
144,勝地涼
3547,三木眞一郎
16097,石原夏織
19879,悠木碧
31592,深川麻衣
1627,香里奈
19037,井浦新
35358,土居志央梨
35353,博多華丸
1636,富田靖子
35205,EXILE NAOTO
30640,山田愛奈
5579,石橋凌
19069,葉山奨之
33879,堀田茜
35345,八木アリサ
5279,塚本高史
11919,三吉彩花
31422,阿部純子
14011,加藤清史郎
34208,醍醐虎汰朗
32377,蒔田彩珠
23585,村上虹郎
31412,山田杏奈
35285,中村アン
28048,のん
35277,​高山璃子
35267,前原瑞樹
35271,多賀麻美
35257,中尾広道
35262,中尾朔太郎
35263,中尾み空
35253,有澤樟太郎
35254,伊万里有
35255,田中尚輝
6330,松浦祐也
32302,小越勇輝
35239,中島健
35240,ウチクリ内倉
35241,花柳のぞみ
26686,坂ノ上茜
35242,桃果
21216,朝倉ふゆな
35243,森山晃帆
35244,星れいら
35245,山之内すず
35247,森本直輝
35248,黒沢進乃介
23668,福崎那由他
35235,清水裕芽
34825,徳竹未夏
35236,華村あすか
34824,古川藍
27910,青木玄徳
6319,萩野崇
34818,上西雄大
13358,小林由美子
710,ならはしみき
13936,森川智之
32548,齋藤飛鳥
35229,山下美月
35230,梅澤美波
5733,三浦春馬
24246,山崎紘菜
35217,菱田未渚美
35218,山口綺羅
35219,原田都愛
35220,石井蘭
385,役所広司
29526,梶芽衣子
13033,六角精児
5595,北村有起哉
8896,安田成美
31593,山下健二郎
33610,鈴木拡樹
35366,安井謙太郎
34571,崎山つばさ
35365,鈴木絢音
35375,穂志もえか
31226,中田青渚
1770,石田ゆり子
1440,西島秀俊
30542,松村龍之介
35165,北園涼
23457,宮原華音
35166,黒崎真音
9778,南圭介
25931,成田凌
32739,清原果耶
16955,古川雄輝
34745,井ノ原快彦
35155,道枝駿佑
16235,芦田愛菜
2928,原田知世
3851,大友康平
5859,岡田将生
33150,新音
17692,黒木華
386,永作博美
413,浅田美代子
2678,田中裕子
1139,蒼井優
24040,中条あやみ
5621,小澤征悦
36061,神尾楓珠
35153,小坂菜緒
32114,萩原利久
17835,日南響子
4067,友近
10015,吹越満
4761,リリー・フランキー
31970,佐藤大樹
31065,佐藤流司
23332,柴田杏花
35150,莉子
35151,坂口涼太郎
1968,山本未來
2908,片岡愛之助
2149,和久井映見
1047,南果歩
296,柄本明
22230,いとうせいこう
35135,田本清嵐
33962,小川未祐
21663,浅香航大
35134,寄川歌太
4760,堤真一
35132,岡田健史
24076,芳根京子
177,窪塚洋介
35119,後東ようこ
1825,岡田義徳
35114,兼田いぶき
35115,正田貴美佳
35116,尾関俊和
35117,畠山勇樹
35108,藤井愛稀
35109,AMIKO
56,黒沢あすか
449,津田寛治
21616,藤田恵名
25371,屋敷紘子
35105,鈴木希実
24770,笹野鈴々音
12791,鳥居みゆき
35102,沢田研二
23720,永野芽郁
5258,宮本信子
23809,志尊淳
31996,平手友梨奈
23929,森崎ウィン
22677,土村芳
7115,宇野祥平
10102,石橋けい
35338,福永朱梨
35099,辻口博啓
20585,阿部敦
35302,川原慶久
35092,橋本梨菜
34291,坂口拓（TAK∴）
22810,市川知宏
35088,金野美穂
35089,永井すみれ
25746,田中俊介
35083,下倉幹人
35084,下倉絵美
35085,秋辺デボ
26122,三浦透子
30414,鈴木仁
15021,梶裕貴
13311,中村悠一
2321,大塚明夫
30575,松村沙友理
16208,大野いと
32610,小野塚勇人
35073,藤丸千
35074,小平祭莉
35075,モーガン茉愛羅
4467,松下奈緒
22127,ディーン・フジオカ
5048,緒形直人
35069,菊池桃子
8777,佐藤二朗
5659,厚木拓郎
15430,細山田隆人
26687,細田善彦
35063,吉田玲
699,常盤貴子
8466,波瑠
1039,安田顕
35052,依田菜津
35053,河野ひより
16358,平山浩行
1103,村上淳
5995,笹野高史
5387,妻夫木聡
35034,岡崎紗絵
13908,窪田正孝
5160,内野聖陽
603,大森南朋
10603,染谷将太
34836,小西桜子
20167,ベッキー
7933,塩見三省
25035,小関裕太
1009,中村獅童
25004,板垣瑞生
35022,吉柳咲良
35016,そらちぃ
33438,三戸なつめ
35017,てつや
24742,小林万里子
34997,加藤小夏
16369,村西とおる
28687,渡辺美佐子
34982,鎌滝えり
34983,杉田雷麟
34984,椿三期
27494,飯島珠奈
34978,望月オーソン
34979,川口高志
34955,今田美穂
34956,千葉麻里絵
34957,レベッカ・ウィルソンライ
34952,齋藤陽道
34951,GEZAN
34949,神谷亮佑
26106,岡田あがさ
32963,芋生悠
34935,中山優輝
21595,関口知宏
1242,宇崎竜童
32159,望月歩
34924,大谷麻衣
32566,生津徹
34423,寺島惇太
30655,斉藤壮馬
28160,畠中祐
27123,八代拓
34575,五十嵐雅
34576,永塚拓馬
32088,内田雄馬
24790,蒼井翔太
34909,武内駿輔
9547,柿原徹也
6993,増田俊樹
32161,黒木正浩
34902,高橋篤
3039,長渕剛
30690,飯島直子
27948,山口まゆ
34896,潤浩
34804,永山瑛太
34894,宮沢氷魚
5845,松重豊
31022,青木柚
34885,半田美樹
34886,五味未知子
26555,佐藤大志
34876,垣尾麻美
34877,津田晴香
34873,吉田唯義
13124,上地雄輔
20880,本多力
21719,町田啓太
8750,小木博明（おぎやはぎ）
3792,戸田恵梨香
488,渡辺謙
34850,庄司哲郎
34851,林泰子
34852,竹本良
34853,巨椋修
34854,大森敏範
34855,宇宙大使くん
30222,福原遥
34793,福本莉子
12577,中河内雅貴
35129,ヨシダ朝
35130,宝積由香
2154,本仮屋ユイカ
35131,土居裕子
12384,長谷川初範
1201,竹中直人
34832,山本昌知
34833,山本芳子
10350,片渕須直
6829,岩井七世
28047,浦谷千恵
10753,松原秀典
34831,伊藤憲子
14023,コトリンゴ
4977,柴崎憲治
17102,川本三郎
24274,石川由依
15985,浪川大輔
5344,松田龍平
34823,小南希良梨
14536,本宮泰風
2972,山口祥行
2775,小沢和義
6329,小沢仁志
32961,笠松将
4165,木下ほうか
11837,志田未来
4549,高橋一生
8703,吉高由里子
27045,横浜流星
2710,三島由紀夫
35179,奥平大兼
2427,阿部サダヲ
34625,石橋菜津美
22314,中島歩
34798,休日課長
10385,きたろう
25368,上白石萌歌
34797,細田佳央太
13979,千葉雄大
34794,赤楚衛二
18994,潘めぐみ
34791,鈴木毬花
3732,水田わさび
3733,大原めぐみ
3734,かかずゆみ
3548,関智一
979,二宮和也
34787,白石優愛
34788,原西孝幸
31480,濱津隆之
34778,笠松七海
34779,村田唯
34780,イワゴウサトシ
34781,猫目はち
34782,葉媚
34783,南久松真奈
35479,小林空雅
35480,八代みゆき
35481,中島潤
34772,中村梅雀
8532,田中美里
4079,柄本佑
34770,ハンナ・チャン
34769,エリズ・ラオ
34768,和泉素行
339,大泉洋
34761,吉野北人
27746,山口乃々華
30860,富田望生
34763,伊藤あさひ
34764,奥野壮
34120,永瀬廉
10809,亀梨和也
9819,瀬戸康史
1816,松たか子
1208,仲代達矢
25682,広瀬すず
4763,庵野秀明
8879,福山雅治
4889,前田敦子
4263,木村文乃
732,岡田准一
23026,山本美月
2814,池松壮亮
34720,半田周平
34721,麻生瑛子
22252,栗田貫一
23502,小林清志
11836,沢城みゆき
2323,山寺宏一
32249,石橋保
5998,宅麻伸
34691,YOSHI
34031,片寄涼太（GENERATIONS from EXILE TRIBE）
3591,篠原涼子
13249,沢村一樹
17943,大西礼芳
34697,安部聡子
32487,金井浩人
34696,窪瀬環
34695,石田健太
34640,福地桃子
34641,柳喬之
34642,生田智子
34639,住岡梨奈
34643,マツモトクラブ
34644,吉満寛人
7054,杉本彩
29531,水野久美
6864,中山麻聖
30971,水石亜飛夢
23979,上白石萌音
24989,桜田ひより
26111,黒羽麻璃央
7996,小林且弥
34862,大山真志
34563,ニッキー・シエ
34560,サマル・イェスリャーモワ
34561,マディ・メナイダロフ
34547,上川拓郎
34549,辻凪子
34535,小川あん
34536,高橋雄祐
34527,篠宮由香利
34529,鈴村悠
24743,竹下かおり
21304,細谷佳正
28049,尾身美詞
2653,池内万作
23174,斉藤悠
7520,佐藤貢三
34611,あこ
34612,杉山ひこひこ
34513,中尾有伽
34514,越後はる香
1368,吉行和子
34400,古舘佑太郎
21711,桜井ユキ
7071,曽我部恵一
34503,堀春菜
26163,カトウシンスケ
27979,福島珠理
34861,大塚菜々穂
9537,MEGUMI
34495,太田直里
34496,門戸紡
6331,渋川清彦
32376,南沙良
34490,西山小雨
29835,原菜乃華
34485,時吉襟加
34487,竹内ももこ
34488,野島健矢
34470,小倉青
34472,mahocato
34462,吉名莉瑠
13795,内田慈
34461,糸瀬七葉
34460,森山瑛
15976,合田雅吏
34459,工藤愛由夢
34458,ゆかわたかし
34457,川本美由紀
27322,飯豊まりえ
18952,野村周平
411,西田敏行
1775,郭智博
34419,古田結凪
34420,和希沙也
25402,冨手麻妙
3878,渡辺真起子
7966,美保純
24058,福山翔大
25090,山本涼介
34406,小林亮太
34408,熊谷魁人
1248,松尾スズキ
13872,中山美穂
16021,寿美菜子
16298,鈴木達央
25032,山田涼介
5500,蓮佛美沙子
3371,佐々木蔵之介
27170,TAKAHIRO
520,松坂慶子
15303,甲本雅裕
808,戸田菜穂
4505,濱田岳
33996,新津ちせ
25133,平山ミサオ
26866,恒松祐里
30967,森田想
31982,行平あい佳
34356,野崎智子
34354,大川原歩
16528,でんでん
12519,木村良平
34347,夏川椎菜
32465,Lynn
34348,古木のぞみ
22965,安野希世乃
34338,大西沙織
23488,石川界人
23383,水瀬いのり
33955,望月衣塑子
19045,坂本慎太郎
31946,駒井蓮
27950,平岩紙
1651,稲垣吾郎
16384,二階堂ふみ
2559,細野晴臣
34306,ヴァン・ダイク・パークス
34307,小山田圭吾
34178,石川瑠華
34297,大高洋子
20468,長尾卓磨
34298,宮崎太一
34299,米本来輝
2560,田中泯
1812,玉木宏
23658,五十嵐大介
13553,中沢新一
33739,成瀬瑛美
33740,小原好美
27712,上坂すみれ
34254,やしろ優
34256,chay
9,田中真弓
11,中井和哉
10,岡村明美
2991,吉永小百合
1243,天海祐希
33407,搗宮姫奈
26394,花影香音
2016,根岸季衣
34233,大平サブロー
661,ラサール石井
34236,小宮孝泰
31470,堀田真由
27043,板野友美
13517,大後寿々花
34226,川島鈴遥
34217,雅子
34219,安珠
34222,田村翔子
24002,山下大輝
20128,岡本信彦
20391,早乙女太一
7873,堺雅人
31589,上杉柊平
30397,清原翔
34180,井桁弘恵
31023,紅甘
34163,伊藤美来
34165,宮本侑芽
165,中井貴一
13770,黒沢ともよ
27138,朝井彩加
27139,豊田萌絵
35035,安済知佳
30859,白石麻衣
17504,佐倉綾音
22799,沼倉愛美
30333,村川梨衣
23409,平野紫耀
25036,黒島結菜
1147,笑福亭鶴瓶
34133,堀未央奈
30460,清水尋也
31950,佐野勇斗
5844,森永悠希
34122,神宮寺勇太
3002,石田法嗣
13000,小林涼子
26164,毎熊克哉
8828,斎藤工
34110,もも
25676,玉城ティナ
34197,秋田汐梨
31481,真魚
34196,秋山ゆずき
8652,伊瀬茉莉也
28100,井澤詩織
31969,桜井日奈子
14962,福山潤
25510,雨宮天
30539,門脇舞以
12358,名塚佳織
5511,斎藤千和
7710,飛鳥凛
34067,衛藤美彩
34042,大澤数人
34041,河野宏紀
34040,富士たくや
32209,西川可奈子
33325,安部賢一
21394,松田健一郎
34034,千菅春香
34029,遠山雄
33592,榎本桜
8710,加瀬亮
34650,若山詩音
3128,松平健
17408,有村架純
1544,柴咲コウ
14467,鈴木亮平
798,伊藤英明
5914,中村ゆり
19405,樹木希林
33995,萩野谷幸三
15399,早見あかり
3882,平岡祐太
3466,松雪泰子
10153,岡村隆史
36,石原さとみ
2405,香取慎吾
25482,池田エライザ
33964,姫嶋ひめか
12059,桐山漣
1137,ともさかりえ
9290,佐藤仁美
33982,河口智賢
33983,近藤真弘
33980,倉島隆行
33987,青山俊董
2412,筒井真理子
1543,市川実日子
25307,杉咲花
33946,白波多カミン
31486,黒住尚生
6030,尚玄
26551,松本妃代
33948,小野木里奈
33951,浦彩恵子
33952,熊野善啓
3761,福島拓哉
10431,渡辺大知
1104,光石研
29501,樫山文枝
33936,アムラ・バルジンニャム
33940,ツェツェゲ・ビャンバ
33943,サラントゥーヤ・サンブ
7463,麿赤兒
2848,市川染五郎
34857,木村珠莉
34859,佳村はるか
34860,髙野麻美
30288,大和田仁美
34176,梅原裕一郎
33916,石橋陽彩
33917,浦上晟周
28952,渡辺徹
1961,市村正親
32609,川栄李奈
3743,仲里依紗
28236,浅川梨奈
23722,北香那
4903,三津谷葉子
4834,和田聰宏
33903,結城滉星
28413,西銘駿
33901,矢野優花
27352,藤田富
27570,荻野可鈴
33891,竹内詩乃
33892,瑚々
33894,広橋佳苗
33896,水原雅
33897,結城亜実
33890,井手麻渡
4000,渡辺大
26619,小島梨里杏
3413,吉川晃司
4330,亜紗美
33889,丁田凛美
19557,明日花キララ
9569,赤井沙希
12321,青柳尊哉
33888,天木じゅん
33884,柳澤愼一
30128,高橋長英
22447,土屋貴子
27744,佐藤寛太
24106,藤本泉
17094,武田鉄矢
33880,モトーラ世理奈
142,三浦友和
4065,山崎まさよし
944,大竹しのぶ
24874,稲葉友
3003,谷村美月
13086,江野沢愛美
33806,大場みなみ
19999,飯田芳
33775,山崎陽平
33751,永岡真理
33752,東武範
33754,北沢洋平
33841,北澤豪
13991,真野恵里菜
22155,清水くるみ
17909,北山雅康
1908,沢尻エリカ
119,竹内結子
10743,松原智恵子
28749,山崎努
21484,安田聖愛
33643,根矢涼香
33559,大野大輔
33644,真柳美苗
31189,荒牧慶彦
33615,北村諒
33601,長山浩巳
33602,坂川使音
33579,若尾文彦
33580,勝俣範之
33581,山内英子
33577,岡本太郎
33568,西山繭子
30969,田中偉登
33417,井山計一
33555,土井寿信
33556,佐藤良広
17351,矢野聖人
10629,武田梨奈
9525,岡本玲
33540,古矢航之介
33541,高見綾
25003,藤野涼子
7733,溝端淳平
33533,島津冬樹
33527,小出由紀子
33529,エドワード・M・ゴメス
2595,向井秀徳
33511,横澤夏子
33513,山崎銀之丞
33493,佐藤勉
33485,本下はの
33486,北原佐和子
9143,川上麻衣子
33467,中村綾里
33468,いけながあいみ
33469,辻村ゆりな
33803,雛形あきこ
33456,ケリー・コーネア
33457,ステファニー・ピアソン
33459,ロッド・ヘルナンデス・フェレラ
33446,大和田南那
33450,杉本愛莉鈴
10038,太賀
33821,福島県双葉町の皆さん
33823,桜庭梨那
33824,小柴亮太
33420,藤藪庸一
32197,小倉優香
18951,小島藤子
33177,松田るか
27482,小宮有紗
33391,マーク・リー
33393,ジネット・アウ
2572,宮地真緒
33381,山田奈保
24621,小澤廉
22172,吉倉あおい
33377,石田明
32323,長澤茉里奈
14615,青柳翔
6323,黒川芽以
14602,宮川大輔
22943,草川拓弥
33348,坂崎愛
33354,堀川果奈
33355,安達花穂
17648,吉川友
4011,鈴木裕樹
33337,綱島恵里香
28625,渥美清
2043,倍賞千恵子
1817,吉岡秀隆
20758,モロ師岡
25012,茜屋日海夏
33288,大原優乃
33292,都丸紗也華
26590,あの
18588,護あさな
6558,松永祐佳
33282,ミキ・クラーク
8544,地曵豪
33280,谷川昭一朗
33272,甲斐翔真
19382,GACKT
13581,ゆかな
26650,久保ユリカ
33264,新井愛瞳
7084,千原ジュニア
13938,優香
33246,平尾菜々花
17085,浜野謙太
1694,板尾創路
1421,倍賞美津子
100,坂本真綾
33189,日高里菜
22791,大地葉
33184,北山宏光
33186,平澤宏々路
27549,種﨑敦美
33174,花沢将人
26549,岡本夏美
30511,飯島寛騎
33166,SixTONES
33168,Snow Man
33169,なにわ男子
33170,関西ジャニーズJr.
25620,玉森裕太
34058,仁村紗和
2188,原田泰造
33147,山崎光
1845,須藤理彩
33144,結城貴史
6440,菅田俊
5706,水野美紀
33138,二宮慶多
33139,水野哲志
33140,奥村門土
33141,中島セナ
33129,佳山明
29804,神野三鈴
1257,板谷由夏
18923,川口春奈
24525,青柳いづみ
6226,長宗我部陽子
10688,黒田育世
33099,アナ・モレイラ
21084,中野裕太
33086,チェン・ジン
17744,長谷川博己
33088,アグニ・プラティスタ
33067,カウン・ミャッ・トゥ
33069,ケイン・ミャッ・トゥ
33070,アイセ
33071,テッ・ミャッ・ナイン
33035,吉田凜音
26012,久間田琳加
33038,中山咲月
33009,ひらく
33014,山谷武志
8162,出合正幸
16244,内野謙太
32309,竹島由夏
2916,韓英恵
33000,サヘル・ローズ
33001,山内優花
2860,笠原紳司
12046,中村誠治郎
32995,野口真緒
32966,佐藤彌右衛門
32976,小林稔
32980,平野彰秀
32964,藤本喜久子
32954,新井祥
1865,久本雅美
9411,田中幸太朗
32949,寺坂頼我
9399,前田希美
32936,和知健明
32937,桃奈
32938,三浦佑介
32891,SUMIRE
32855,酒井藍
341,筧利夫
1412,田畑智子
16725,SKE48
797,野村萬斎
4797,香川照之
32734,佐藤結良
32735,大熊理樹
32736,チャド・マレーン
504,池脇千鶴
32727,大橋彰
23655,YOUNG DAIS
3685,松田翔太
21877,内田真礼
25745,本田剛文
23807,小林豊
9864,遊佐浩二
16098,津田健次郎
19472,小林克也
6475,矢柴俊博
32637,岩谷健司
32632,ロデオン・ガリュチェンコ
2790,イッセー尾形
7180,本上まなみ
23623,登坂広臣
8897,立川志の輔
22254,大原櫻子
2044,木村拓哉
2563,神谷明
32623,伊倉一恵
32619,伊波杏樹
32620,逢田梨香子
32621,諏訪ななか
33849,斉藤朱夏
33856,小林愛香
33857,高槻かなこ
33859,鈴木愛奈
33862,降幡愛
2688,本郷奏多
3590,須賀健太
5374,筒井道隆
8982,水崎綾女
2896,内山理名
32613,長谷川葉音
14013,神谷浩史
10035,山下リオ
8952,時任三郎
22107,中島健人
6516,野沢雅子
1613,堀川りょう
440,中尾隆聖
33403,島田敏
7830,原日出子
32595,木竜麻生
5016,岸本加世子
33815,榎木淳弥
14024,松浦愛弓
23377,吉田羊
10313,中村達也（BLANKEY JET CITY）
19079,塚本晋也
32585,新田ひより
32586,八木侑紀
32587,高橋未奈美
16540,草刈正雄
23542,入山杏奈
13875,田村ゆかり
6264,水樹奈々
13892,植田佳奈
31643,佐野玲於
13286,早見沙織
328,山本浩司
31955,唐田えりか
32555,玉置玲央
21352,広瀬アリス
25306,野田洋次郎
8039,永山絢斗
6907,川口覚
16805,阿部進之介
32533,白石聖
2337,AKIRA
2153,貫地谷しほり
12962,小清水亜美
8650,三瓶由布子
21071,加藤諒
16218,朴璐美
809,遠藤憲一
32519,岩井拳士朗
32520,白鳥玉季
1659,小泉今日子
32513,春原愛良
32514,大下ヒロト
32515,峯尾麻衣子
23900,織田梨沙
2005,井上和彦
2170,小林沙苗
2977,林原めぐみ
26792,木﨑ゆりあ
10011,脇知弘
32492,棚橋弘至
275,木村佳乃
26234,古畑星夏
32480,ナッツ・シトイ
9286,高橋由美子
32472,新谷真弓
18623,美山加恋
32473,吉田有里
19569,横山裕
14014,代永翼
20151,藤井ゆきよ
32459,白本彩奈
10677,伊藤陽佑
340,小池栄子
23885,岡野真也
23886,三河悠冴
32446,ミネオショウ
32447,太田いず帆
32448,石橋征太郎
32442,小岩井ことり
934,オダギリジョー
22787,久野美咲
32428,高橋隆大
32429,長尾理世
32430,石丸将吾
33044,唐鎌将仁
33047,飯野舞耶
33051,律子
32424,井上幸太郎
32425,両國宏
32426,大鷹明良
32422,坂泰斗
32919,定岡小百合
32416,山田菜々美
24116,百川晴香
32417,佐伯香織
14520,三宅健太
32407,安東清子
32408,高田紀子
32409,田中準也
10147,山下智久
5732,新垣結衣
15100,比嘉愛未
11788,浅利陽介
510,安藤政信
32397,永夏子
32398,松田リマ
2679,窪塚俊介
32392,RUEED
32393,AISHA
27368,知英
32381,及川さきの
32363,小林達雄
32364,佐藤卓
14676,増田有華
32360,勇翔
32361,坂井良多
16810,藤森慎吾
13668,海部剛史
28187,雨蘭咲木子
28188,鈴木弥生
33328,キム・コッピ
19253,満島真之介
15270,大倉孝二
32350,稲村梓
32351,高橋卓郎
32352,芳野正朝
1686,尾美としのり
32346,勧修寺保都
32337,保紫萌香
32338,モトーラ世理奈
5017,鈴木杏
1008,峯田和伸
2932,真木よう子
8531,足立梨花
32318,田村侑久
32319,佐野ひなこ
30225,白濱亜嵐
32314,滝川広志
32315,勝部演之
23864,木口健太
9628,二階堂智
31180,石崎なつみ
32297,阿部夢梨
32296,尾澤ルナ
32289,ジュリエット・ビノシュ
16769,桐生コウジ
12908,深澤大河
32274,小川ゲン
12320,小野まりえ
32270,大谷亮平
30351,松風理咲
32269,松岡広大
860,寺島しのぶ
32260,塚田僚一
32261,岩本照
32262,深澤辰哉
32706,渡辺翔太
32707,宮舘涼太
32708,佐久間大介
32709,阿部亮平
28577,司葉子
31670,土屋嘉男
32252,キム・ジェウク
8702,石橋杏奈
19248,大川宏洋
32248,千眼美子
20276,芦川よしみ
6646,幸地尚子
32242,二ノ宮隆太郎
18145,矢島康美
32243,松本大樹
23983,三森すずこ
32235,希島凛
32236,小林裕美
32237,藤本明徳
33043,三浦義晃
32230,林鼓子
25014,久保田未夢
32231,厚木那奈美
733,櫻井翔
14580,佐藤永典
14642,須藤茉麻
14643,竹達彩奈
13852,木梨憲武
27490,平松可奈子
32222,椎名ひかり
5972,いしだ壱成
23038,南美櫻
32218,山元駿
20650,又吉直樹
32214,渋谷凪咲
9854,磯山さやか
32208,平塚千瑛
32202,後藤文雄
21483,上野優華
32196,寺島拓篤
32191,浅香あき恵
20058,光宗薫
10143,仁科克基
9011,西岡德馬
29057,江波杏子
1679,田中直樹
32174,服部彩加
8465,小柳友
32175,黒澤はるか
32172,矢倉楓子
32119,久保陽香
32167,岡田篤哉
32168,似鳥美貴
26787,大野拓朗
7910,池田千尋
17105,荒井敦史
32155,引坂理絵
32156,本泉莉奈
32157,小倉唯
25653,楠大典
32149,多田野曜平
32150,内藤有海
25773,TARAKO
32146,山盛由果
25070,荒川美穂
32139,ももち
32140,梅原大吾
32141,チョコブランカ
32134,紘毅
26392,徳永ゆうき
19957,中村ゆりか
23334,葵わかな
9340,宅間孝行
25258,堀井新太
27384,渡辺佑太朗
32126,舟津大地
32127,川籠石駿平
10538,岡部尚
32120,辰巳蒼生
28275,市來玲奈
32104,丸山敦史
32105,前田日明
27878,佐生有語
32100,安井順平
32101,和田ひろこ
27331,片山萌美
20675,淵上泰史
32092,羽馬千弘
32093,手島実優
32089,鈴木みのり
33873,JUNNA
32028,東山奈央
33872,西田望見
17098,多田愛佳
26783,秦瑞穂
32080,本拡樹
9548,井上麻里奈
7880,橋本淳
28057,芦那すみれ
30929,山科圭太
32061,近藤強
32068,木下崇祥
32048,皆川暢二
32053,磯崎義知
32055,吉田芽吹
32042,阿部倫士
32043,松﨑岬
32044,佐藤有紗
3273,江口のりこ
8849,篠原ともえ
32030,藤村鼓乃美
26026,本田望結
32005,吉沢太陽
7739,アヤカ・ウィルソン
2226,荒川良々
31967,小林星蘭
31968,松田颯水
5483,安藤サクラ
31958,市川美織
31959,秋月成美
30506,りりか
19295,趣里
31804,ホアン・シュアン
27655,中村勘九郎
2597,中村七之助
8638,中村扇雀
27389,志田友美
31777,京佳
31778,山田朱莉
31774,武田杏香
31775,杉本桃花
31776,牧原ゆゆ
31756,氏原恭子
31911,木内晶子
31758,伊藤敬行
31718,打越シズ
31719,平山礼子
31720,寺田圭子
31732,ジャン＝ピエール・ゼンゴロウ
31737,カナ・オブリ―
31738,玉城勝夫
31891,ナツコ
31894,山崎安紀子
6726,川口隆夫
31690,高木隆太郎
31691,西口清治
32,東陽一
31669,ピーター
31675,小笠原修
27100,泉はる
30678,健太郎
21764,鈴木裕乃
2406,ゴリ
31832,具志堅あずさ
31825,ジェイムズ・ジラユ
31826,ハーシェル・ペッパース
31818,シャーロット・ケイト・フォックス
24893,樋井明日香
31630,古川鳳羅
31631,古川蛍姫
31632,古川知里
31796,古川孝
31622,神門実里
26828,洪潤梨
20017,上埜すみれ
31788,柳杏奈
15503,久保田悠来
28175,佐生雪
14661,濱田龍臣
23560,山本千尋
31616,長谷川眞優
2407,知念侑李
31611,上村祐翔
23408,小瀧望
9346,鈴村健一
31602,石見舞菜香
11845,入野自由
21813,茅野愛衣
19205,栁俊太郎
5146,ピエール瀧
13281,岸尾だいすけ
11901,鳥海浩輔
31874,江口拓也
31580,巴山祐樹
1813,綾瀬はるか
20164,本田翼
31577,城アンティア
31578,円田はるか
22581,BiS
31574,BiSH
29784,GANG PARADE
31570,富田治
31571,飯田将太
31572,大西祐貴
31945,小林喜日
4022,藤井美菜
31947,Dream Ami
29906,玄理
10788,桜庭ななみ
22022,藤井武美
31556,葉加瀬マイ
3569,ルー大柴
32022,黒森神楽保存会
31547,伊藤萌々香
14780,松本若菜
19196,田村健太郎
31544,河西和香
31545,安野由記子
22906,大沢まりを
8105,白石隼也
2217,永井大
25037,栗山航
20523,池田純矢
13722,生田斗真
2451,瑛太
28130,スベンジャ・ポンコン
6269,富田克也
6272,相澤虎之助
22830,藤田玲
31525,副島淳
31761,西川俊介
31518,池田夏海
31519,菅本裕子
31520,河西裕介
31513,王子
31514,あゆ
31515,樹梨杏
16757,染谷俊之
24112,赤澤燈
19088,水澤紳吾
16156,大島葉子
4322,守屋文雄
31492,ダイナマイト☆ナオキ
31493,畑崎幸子
31494,末廣和弘
31765,annie​
2510,田中要次
31764,千葉大輔
22859,大東駿介
16494,渡部秀
24950,鈴木紗理奈
29113,赤座美代子
3943,雪村いづみ
4425,西村奈緒
4428,西村記一
4426,西村信子
31467,宮治淳一
29773,加山雄三
31928,萩原健太
31929,桑田佳祐
23106,西山諒
31464,西山由希宏
31465,荒川泰次郎
9811,逢沢りな
16345,西原亜希
1400,新井浩文
31458,江上敬子
31459,筧美和子
31435,阪本一樹
31427,行永浩信
31429,中里広海
31431,柘植美咲
31433,柳東史
31432,桂木悠希
1146,山﨑努
1173,樹木希林
1190,鶴田真由
31420,フジコ・ヘミング
1276,長瀬智也
31415,大谷凜香
27769,中西美帆
15332,志保
31405,野本かりあ
31401,瀬戸さおり
25027,種田梨沙
31507,深琴
29634,須森隆文
22927,飯島大介
22928,安部智凛
31376,西野亮廣
11761,みひろ
31444,エハラマサヒロ
31445,米田弥央
31446,月影瞳
31447,ほんこん
31448,千田祐司
31449,島香織
31450,中島悠
9186,大政絢
16441,橋本愛
31346,鋤田正義
489,小林稔侍
19989,壇蜜
414,高島礼子
25330,文音
31441,風谷南友
750,芳賀優里亜
31442,井上奈々
31443,重盛さと美
31384,山本圭祐
31385,岩田龍門
31388,赤塚実奈子
31810,川合ロン
18569,高橋洋
9553,りりィ
31915,麻衣愛
31916,宮城大樹
31331,篠崎こころ
31332,安城うらら
16045,鈴木宏侑
9141,仁科貴
3659,小橋賢児
36161,布施博
16875,岸建太朗
20146,來河侑希
31314,水島優
2868,豊原功補
31259,ジャン＝ピエール・レオー
31261,ポーリーヌ・エチエンヌ
31262,モード・ワイラー
14486,錦戸亮
31249,山崎智史
31250,稲葉菜月
31252,田中正彦
31241,加古臨王
31242,大竹宏
31236,清水葉月
3744,板倉光隆
31239,水野理紗
20792,吉井和哉
21940,菊地英昭
21941,廣瀬洋一
22385,菊地英二
31225,笠菜月
25046,白波瀬海来
8834,有森也実
17701,武藤昭平
11906,平野綾
1717,釘宮理恵
31186,栗原類
27507,板橋駿谷
28337,ウー・シンティ
31100,ジェイ・ウエスト
27444,柳谷一成
31268,大須みづほ
31270,水野夏子
31272,田口紗織
5256,松嶋菜々子
535,奥菜恵
1758,高岡早紀
31029,瀬長亀次郎
945,黒木瞳
247,小西真奈美
3131,並木愛枝
31005,北村美岬
24037,笠島智
31006,伊東茄那
27964,今村樂
31000,リンゴ
13304,戸次重幸
30996,南和行
30998,吉田昌史
30979,墨井鯨子
30980,芝博文
30982,太田みち
30968,田中怜子
31024,戸塚丈太郎
31080,森久保祥太郎
30955,脳みそ夫
30956,沖ちづる
22751,牛尾千聖
30930,三浦英
24403,遠藤新菜
28509,佐田啓二
5373,岸惠子
30917,のえる
30919,高畠菜那
30920,四谷奈々可
30941,加瀬勉
30943,秋葉恵美子
30944,平田誠剛
5512,桑島法子
30912,小山剛志
8545,こおろぎさとみ
2665,長谷川京子
27379,橋本マナミ
28332,志村喬
30762,チュムヴァン・ソダチヴィー
21527,重松収
901,津川雅彦
30750,シャリファ・アマニ
30746,ルー・ヴェローソ
30713,紗羅マリー
6381,榮倉奈々
12997,佐々木希
27366,中山優馬
30698,赤﨑千夏
31042,浅倉杏美
30696,木村涼香
1540,秋吉久美子
30691,チャン・チェン
30692,イレブン・ヤオ
31290,山口太幹
30687,田野優花
13405,忽那汐里
31166,ジョシュ・ハートネット
2450,吉沢悠
27288,柳俊太郎
22454,田村睦心
33607,黒田崇矢
1749,鈴木浩介
6437,桐谷健太
2491,薬師丸ひろ子
26027,中村玉緒
20671,渕上舞
24351,尾崎真実
82,坂本龍一
17500,丸山隆平
3000,岩松了
9420,風間杜夫
13824,片瀬那奈
17778,羽多野渉
287,高野志穂
14002,東風万智子
25504,村瀬歩
15030,平川大輔
7790,森口綾乃
18852,岩合光昭
30637,原嶋元久
21911,間宮夕貴
30633,古川由利奈
2261,田中麗奈
21003,ワン・ポーチエ
28030,藤田咲
30629,宮島沙絵
30630,クセーニア・アリストラートワ
30628,中尾暢樹
27778,松尾太陽
4829,佐藤江梨子
8983,我妻三輪子
14162,辰巳琢郎
31277,渡辺多夫
30619,渡辺陸
31279,名木広行
8226,中村蒼
17646,ヤン・イクチュン
387,ユースケ・サンタマリア
2800,松本潤
6752,初音映莉子
16563,草刈民代
630,ビートたけし
5219,大杉漣
30606,ホワン・ミゲル・バレロ・アコスタ
26252,池田良
30599,鈴木士
19580,小宮一葉
31285,真木恵未
13578,坂本千夏
30574,桜井玲香
24309,生田絵梨花
30561,梅村結衣
30562,浦野由衣
13929,田中あさみ
26693,内田理央
25589,池田秀一
25590,浦山迅
30554,吉田円佳
30555,加藤玲奈
30526,谷ぐち順
19444,YUKARI
30527,谷口共鳴
285,宮藤官九郎
22033,平岳大
30520,百合沙
17143,しいなえいひ
27550,竹内良太
17635,内山昂輝
30504,岩切一空
17594,小池ありさ
7167,浅沼晋太郎
17488,日笠陽子
17489,佐藤聡美
30489,こぶしファクトリー
6420,温水洋一
30867,浅野ゆう子
30483,松永有紗
30484,佐奈宏紀
4696,柴田剛
26489,西村立志
30476,森野順
30474,降谷建志
4544,市川由衣
30471,アントニー
16319,木村知貴
30455,諏訪瑞樹
519,内田朝陽
23300,高橋メアリージュン
12247,西山真来
30448,鎌田英幸
20467,柴田千紘
26371,小西キス
9570,紺野千春
30446,Sharo
30441,片寄涼太
30437,パクドル
30436,アルスマグナ
30434,井上雄太
30435,ティダー・シティサイ
4050,木内みどり
4404,石倉三郎
30428,多和田秀弥
30429,小野寺晃良
30430,三津谷亮
30425,柊子
8044,横山剣
9809,向井理
22043,山崎一
2867,眞島秀和
30413,真田麻垂美
27330,森川彩香
16836,馬場良馬
30399,本郷杏奈
3416,木下あゆ美
30405,菊地美香
13189,森田涼花
3936,石垣佑磨
30403,さいねい龍二
30404,林剛史
9298,水谷豊
5437,北乃きい
30402,清水夏生
30396,渡辺俊美
23736,立花あんな
30389,吉田類
48,伊藤淳史
24314,新川優愛
933,上戸彩
612,伊藤歩
29276,市川猿之助
30372,世良佑樹
29659,打越梨子
30373,小林夏子
30825,ケビン・ドーマン
20238,マシュー・マーサー
30827,エリン・カーヒル
23100,工藤阿須加
30357,奥村野乃花
30358,鶴見萌
30359,陶山恵実里
30354,梅崎快人
30355,水月ゆうこ
30352,植田真梨恵
8251,鶴見辰吾
30344,伊野尾慧
26094,真剣佑
26678,小林直己
20549,松原菜野花
22280,加隈亜衣
30332,末柄里恵
17870,原幹恵
14800,升毅
1469,唐沢寿明
23049,山田菜々
21817,太田基裕
18575,小田島渚
30301,川合諒
30302,小澤らいむ
30298,木戸衣吹
6262,小西克幸
30289,落合福嗣
30277,綾乃彩
26113,鮎川桃果
9482,遠藤祐美
27372,上原実矩
31284,大和田獏
30271,松本ファイター
30273,小村昌士
30265,ターシャ・テューダー
30266,セス・テューダー
30267,ウィンズロー・テューダー
26024,湯川ひな
30256,松山莉奈
30257,菊地玲那
30249,中村まこと
30250,錦織めぐみ
30251,古川順
30245,小池由
2753,木村多江
21068,清水富美加
31297,プナム・グルン
31298,アシュバドル・グルン
14806,石野真子
30229,藤吉久美子
14407,三浦翔平
1145,反町隆史
1083,仲間由紀恵
22579,渡辺淳之介
30212,清水大充
12957,平良進
30210,北村三郎
30211,大城美佐子
30201,津端修一
30202,津端英子
28910,市川雷蔵
28954,中村鴈治郎
1264,真田広之
1644,千葉真一
30186,山崎裕太
30188,反田孝幸
30189,ランディ・ヘブンス
19699,高倉健
19993,中野良子
350,原田芳雄
28647,池部良
30181,小沢栄
30174,大河内傳次郎
30175,藤田進
28739,岡田英次
24302,滝沢修
28922,勝新太郎
30092,黒沢年男
286,田中邦衛
30167,佐々木勝彦
30171,藤岡弘
28874,由美かおる
13570,地井武男
30168,佐山泰三
1236,丹波哲郎
28722,左幸子
30166,藤田弓子
30157,若山富三郎
28744,松尾嘉代
28484,大木実
28702,渡辺文雄
29426,露口茂
28696,安藤昇
29993,森繁久彌
30152,酒井修
30150,藤田みどり
30151,江美早苗
29681,久保明
30131,高橋厚子
30103,小林夕岐子
30117,ジョセフ・コットン
30118,シーザー・ロメロ
30114,佐久間良子
29135,中村錦之助
30104,愛京子
30101,森光子
30100,ローズ・リーズン
29522,浜美枝
6169,夏木陽介
14347,大空真弓
30099,浦辺粂子
29672,佐原健二
30091,ラス・タンブリン
28763,佐藤允
29158,千秋実
28857,池内淳子
4305,星由里子
671,小泉博
28526,新珠三千代
29098,三国連太郎
30052,藤山陽子
29190,高島忠夫
29673,藤木悠
28719,有島一郎
17396,松本幸四郎
1441,三橋達也
29980,白川由美
28824,フランキー堺
28576,原節子
537,上原美佐
29970,鶴田浩二
30017,河津清三郎
29987,団令子
18005,平田昭彦
29968,芥川比呂志
29954,岩男潤子
29955,辻親八
29956,大倉正章
21784,谷花音
29940,下田翔大
29941,篠原信一
29931,森脇陸三
25535,松崎颯
29922,菅沼久義
29924,牛田裕子
13051,江川央生
29908,大熊杏実
29909,大隣望鈴
29911,小日向雪
6598,菊地凛子
23723,谷口蘭
29899,片平美那
29901,田中有紀
29903,岩淵桃音
29881,服部真希
29883,ビビタ：あいな
29884,みくろ
29885,なーさん
29886,つじこ
29888,ゆずリロ
1065,三浦誠己
586,中村優子
29872,志田彩良
29874,浜田晃
21,市原悦子
29867,伊藤沙莉
16356,滝藤賢一
13318,小野大輔
27489,馬場ふみか
6055,永澤俊矢
756,山口美也子
29847,和泉幸子
29841,派谷惠美
7085,満島ひかり
29815,ヤオ・アイニン
8394,福田麻由子
1856,渡哲也
29337,川地民夫
1931,緒形拳
29102,坂本スミ子
29806,左とん平
2166,高橋英樹
29770,頭師佳孝
29771,殿村敏之
29767,ニック・アダムス
29765,藤原釜足
821,深津絵里
10704,泉澤祐希
25411,下地紫野
25412,和久井優
24291,津田美波
22071,小野友樹
13973,齋藤彩夏
29701,大門正明
29702,青山一也
28270,田島令子
29694,石川博
29695,梅田智子
29696,菱見百合子
28644,山内明
29688,川瀬裕之
29689,木村俊恵
29680,前田美波里
29584,丘奈保美
29585,江角英明
14854,中川梨絵
29560,山科ゆり
29582,あべ聖
29580,日野道夫
29061,町田博子
1897,白川和子
29550,浜口竜哉
29574,朝香春彦
29555,小川節子
29563,牧恵子
29572,高見由紀
29559,田中真理
29568,相川圭子
29565,吉沢健
29566,瀬戸ユキ
28969,三田村元
29564,鈴木リエ
29561,谷ナオミ
29556,西川洋一
29557,松井康子
29551,南条マキ
29401,和泉雅子
29093,成田三樹夫
29533,夏純子
18804,岡崎二朗
7505,村野武範
29546,広瀬昌助
29547,テレサ・野田
29327,小林旭
29544,山本麟一
29474,郷鍈治
13698,山本陽子
29540,丘みつ子
29476,内田良平
29537,須賀不二男
29536,桑原幸子
1289,夏八木勲
29504,青江三奈
29517,青木義朗
29090,芦田伸介
29322,石原裕次郎
29530,ホキ徳田
29528,石橋正次
28851,江原真二郎
29525,和田アキ子
29376,和田浩治
29523,杉良太郎
12290,香山美子
29516,益田ひろ子
28835,河原崎長一郎
1175,浅丘ルリ子
29514,小林トシエ
18004,小山明子
29511,長谷川照子
29510,太田雅子
28092,真理アンヌ
3769,宍戸錠
29506,扇ひろ子
29454,十朱幸代
28620,勝呂誉
14474,二木てるみ
5047,三國連太郎
810,北村和夫
5624,田村正和
29498,賀川雪絵
7934,高橋昌也
29494,内田高子
29495,葵三津子
29318,葉山良二
29491,二本柳敏恵
28693,野川由美子
29486,舟木一夫
29487,山形勲
29320,金子信雄
29365,二谷英明
29481,辰巳柳太郎
29478,小池朝雄
28791,岡田真澄
29475,東京ぼん太
29473,太地喜和子
29471,山田真二
29357,小高雄二
29466,橘和子
29016,山岡久乃
29408,山内賢
29319,芦川いづみ
28760,富士真奈美
3280,小沢昭一
29453,西尾三枝子
29450,弓恵子
29447,鈴木やすし
29448,廣瀬みさ
29445,柏木優子
29440,伊藤るり子
29436,玉川伊佐男
1394,北林谷栄
29425,春川ますみ
28767,西村晃
28333,清川虹子
29419,信欽三
29184,内藤武敏
29370,笹森礼子
29416,戸川昌子
29415,杉山俊夫
29411,相沢ケイ子
29412,青木富夫
29413,青柳明子
29406,井上昭文
29402,香月美奈子
29396,田代みどり
29395,華欣
3643,長門裕之
29042,江利チエミ
29338,沢本忠雄
28712,坂本九
28490,望月優子
29380,白木マリ
29108,中原早苗
28686,吉村実子
6062,南田洋子
29364,赤木圭一郎
29323,北原三枝
29362,清水まゆみ
29358,桂木洋子
29359,伊藤孝雄
29356,青山恭二
29353,稲垣美穂子
29350,ペギー葉山
29330,月丘夢路
28597,下元勉
29345,川村恵子
28585,安井昌二
28768,大坂志郎
29195,三原葉子
29101,天知茂
35,菅原文太
29214,沼田曜一
14506,吉田輝雄
29254,三條魔子
28996,万里昌代
29210,嵐寛寿郎
29250,松原緑郎
29197,三ツ矢歌子
29216,小畑絹子
29237,松浦浪路
566,宇津井健
29203,和田桂之助
29240,エリーズ・リヒター
29241,S・プラカーシ・ガンディ
29191,高倉みゆき
29198,林寛
29235,瀬戸麗子
29204,北沢典子
29232,若杉嘉津子
29230,細川俊夫
29049,久保菜穂子
19587,高田稔
29221,佐々木孝丸
29213,中山昭二
29205,五月藤江
29194,筑紫あけみ
28862,田宮二郎
2647,藤村志保
29024,仲村隆
29170,関根恵子
2180,篠田三郎
29179,荒木道子
29176,小野川公三郎
277,大谷直子
29150,八並映子
29083,青山良彦
29110,平泉征
29145,渥美マリ
29171,内田喜郎
29172,菅野直行
29165,中村光輝
29166,小山田宗徳
29167,月丘千秋
10771,川津祐介
20275,田村亮
29149,南美川洋子
29163,八代順子
29159,石山律
29160,北島マヤ
29154,笠原玲子
29157,飯田恵美子
29155,金子研三
29151,成瀬亜紀子
29146,根岸明美
29141,高桑勉
29142,ケリー・バリス
29143,キャサリン・マーフィ
1643,松方弘樹
29138,峰岸隆之介
28939,本郷功次郎
27028,小林直美
29136,亀井光代
17393,中村吉右衛門
28716,佐藤慶
3013,平幹二朗
28902,若尾文子
29130,梓英子
29129,岩井友見
29128,川崎あかね
29118,大川修
29078,安田道代
29109,しめぎしがこ
16264,緑魔子
29127,千石規子
29120,三木本賀代
29124,刈名朱里
29125,辰巳典子
29126,紅千登世
28750,小川真由美
28600,石浜朗
29047,長谷川待子
29112,リック・ジェイソン
28970,藤巻潤
29036,高田美和
29103,水木正子
29104,石黒三郎
28630,鰐淵晴子
29094,若柳菊
29095,伊藤栄子
29092,姿美千子
29059,田村高廣
29088,村松英子
29087,待田京介
29086,丸井太郎
29079,城健三朗
29075,長谷川明男
29076,山本学
28583,瑳峨三智子
28584,藤山寛美
29023,滝瑛子
29074,船越　英二
29050,霧立はるみ
29035,山下洵一郎
29068,小沢英太郎
28964,川崎敬三
29002,水谷良重
28621,園井啓介
28774,安部徹
29034,藤由紀子
1511,加藤治子
29004,渚まゆみ
29038,坪内ミキ子
28598,山村聡
29043,村瀬幸子
29044,北原義郎
28998,島田竜三
29032,花布辰男
28942,叶順子
15979,ジェリー藤尾
28479,高千穂ひづる
28961,浦路洋子
29013,鈴木博雄
28895,山本富士子
29011,六本木真
29008,高松英郎
29000,チェリト・ソリス
28334,木村功
28994,高見国一
28986,朝丘雪路
28984,山茶花究
28979,桜むつ子
28896,野添ひとみ
28944,小林勝彦
28916,根上淳
28974,丸山修
28971,石井竜一
28962,中村雁治郎
28963,三益愛子
28894,菅原謙二
28953,滝花久子
7500,真城千都世
28946,桃山太郎
256,淡路恵子
28932,和波孝禧
28933,黒岩かをる
28931,中田康子
28557,佐分利信
28905,轟夕起子
28923,青山京子
28918,永井智雄
28913,林成年
28911,梅若正二
28901,品川隆二
28881,天地真理
28842,森田健作
28878,林与一
28875,仲雅美
28876,大信田礼子
28870,汪萍
28871,奈良富士子
6746,加藤剛
12865,八千草薫
28868,横山リエ
740,井川比佐志
28856,范文雀
28837,森次浩司
19192,入川保則
13534,萩原健一
28859,滝田裕介
5161,岩下志麻
28850,榊原るみ
26925,若林豪
565,三田佳子
28847,新克利
28848,横内正
28808,森川信
17679,三崎千恵子
13146,中尾彬
28843,武原英子
28844,山本紀彦
6079,財津一郎
28840,城野ゆき
2630,石立鉄男
28834,前田吟
4388,石坂浩二
6075,竹脇無我
28685,高橋幸治
28830,尾崎奈々
28677,松山容子
14334,目黒祐樹
28828,曽我廼家明蝶
28825,金井克子
28819,美空みばり
28820,森進一
28821,島田正吾
28818,伊吹吾郎
5935,栗塚旭
8633,中村勘三郎
28692,中村賀津雄
28811,富山真沙子
28812,戸浦六宏
28754,松岡きっこ
28807,橋本功
16556,山本圭
28643,長門勇
28797,末政百合
28798,河原崎健三
28799,田沼瑠美子
28795,舟木和夫
28775,丸山明宏
28788,新藤恵美
28784,伊丹十三
28785,真山知子
28786,桜井啓子
28780,山岸映子
28636,殿山泰司
28778,高英男
28751,佐藤友美
28773,荒井千津子
28764,応蘭芳
28724,中山仁
28759,麻生れい子
28756,日下武史
28599,田村高広
28530,桑野みゆき
28742,細川俊之
28690,和崎俊也
28740,ペギー・二ール
28733,菅野忠彦
13452,加賀まりこ
28727,林翠
28725,川辺久造
28707,ハナ肇
28718,観世栄夫
28717,岸輝子
28713,古賀政男
28711,有川由紀
28591,高峰三枝子
16102,犬塚弘
28705,吉田輝男
28701,高宮敬二
28675,倉丘伸太郎
28676,平井昌一
28681,中村晃子
28682,扇町京子
28683,ホキ徳田
28623,早川保
28331,三木のり平
28652,橋幸夫
28653,水島道太郎
28648,藤木孝
28645,真理明美
28613,榊ひろみ
28606,アイ・ジョージ
28628,ミヤコ蝶々
28626,中村メイコ
28531,三上真一郎
7612,有馬稲子
28562,山本豊三
28612,石崎二郎
28614,葵京子
28609,峰京子
28596,山崎二郎
15142,淡島千景
28554,杉浦直樹
28572,芳村真理
28570,河内桃子
28567,炎加世子
28495,泉京子
28564,三井弘次
28555,小坂一也
28556,伴淳三郎
28489,高橋貞二
28522,南原伸二
28477,高田浩吉
28478,嵯峨三智子
28544,近衛十四郎
28540,松本錦四郎
28541,花ノ本寿
28521,千之赫子
28496,瞳麗子
890,山口勝平
1610,古谷徹
1611,鈴置洋孝
29589,井上瑤
29590,白石冬美
29591,古川登志夫
29728,岩手県遠野のみなさん
29729,長野県木曽町のみなさん
29730,岩手県チャグチャグ馬子保存会のみなさま
26831,高樹澪
29709,えのきさりな
29710,田上晃吉
29711,細川小百合
25937,田辺桃子
25938,永澤菜教
29676,滝沢秀明
29677,有岡大貴
8511,朝倉あき
29936,川崎ゆり子
29665,松田優佑
29666,小林陽翔
29667,埜田進
29668,神保舜莉紋
29657,イシヅカユウ
29658,木村正明
29660,横田光亮
29645,吉田龍一
29647,白河奈々未
29648,申芳夫
29649,伊吹葵
29650,青山雪菜
29635,櫻井亜衣
29636,松永大輔
29637,入江庸仁
29638,志戸晴一
50,辻岡正人
29631,若林美保
29632,岩橋ヒデタカ
20226,有元由妃乃
29620,ささきゆうた
29615,笹本恒子
29616,むのたけじ
7074,ケンドーコバヤシ
26716,すっちー
23047,武田幸三
29262,高野祐衣
29602,石井順也
29603,岡美咲
29604,奥瀬繁
29605,林亮佑
29606,T.Mikawa
29611,佐藤貞一
29612,佐藤絹江
29608,本名陽子
29609,立花隆
1422,室井滋
29282,姜尚中
2667,石田えり
8893,米村亮太朗
29596,杉山佳寿子
29597,熊倉一雄
29598,太田淑子
12338,稲森いずみ
29310,林茉裕子
29311,森訓久
29312,相橋愛子
9350,能登麻美子
29302,聖矢
29303,陽介
29304,智美
29301,向井啓太
29300,小堀正博
29293,道田里羽
29294,ウトユウマ
29295,小山梨奈
9334,速水今日子
29296,坂本雅子
29278,市川右近
14031,坂東巳之助
29279,中村隼人
29280,嘉島典俊
2055,浅野和之
29267,森尾俐仁
29268,池谷麻里
29269,一色あづる
29290,世名圭吾
29291,小鶴璃奈
16682,中嶋朋子
28450,月山貞利
28452,本阿弥光洲
28442,ペ・イファ
26892,袴田巌
28439,袴田秀子
28339,濱田輝樹
28340,巻口直哉
29757,宇佐照代
28322,nitankur
29758,平田篤史
5143,藤岡弘、
28402,河内敏夫
2078,林英哲
28403,大井良明
28405,藤本吉利
28406,高野巧
28357,仲代達也
22480,長山藍子
28370,加賀美幸子
28371,国井雅比古
28346,飛田展男
28347,坂本洋子
9862,関俊彦
28327,古今亭志ん朝
28328,野々村真
28427,田中あいみ
28428,深谷悠
28274,西村一輝
23089,永尾まりや
26720,熊切あさ美
29731,合田道人
9022,はなわ
11872,さとう珠緒
237,つみきみほ
28216,原由実
13027,石黒英雄
28268,松浦雅
24294,高橋直人
25013,芹澤優
13505,千秋
28260,佐藤勝利
28256,峰蘭太郎
14435,油井昌由樹
28247,亀田侑樹
7711,松山愛里
23169,夛留見啓助
613,金井勇太
28245,川添野愛
22724,大塚千弘
28240,弥尋
25041,廣田あいか
28228,林奏絵
28229,上妻成吾
28230,春名風花
18704,内田彩
26474,大塚芳忠
19381,戸松遥
28201,万田祐介
28202,宮本なつ
28203,古川博巳
29783,SiS
25008,加弥乃
2733,塩谷瞬
28176,平田雄也
4913,足立正生
28171,菅原大吉
28172,美谷和枝
28168,The 5.6.7.8's
28169,20 Hits
28170,Theee Bat
10156,堀江由衣
27289,高橋ユウ
26014,澁谷麻美
28153,吉家翔琉
29734,アレクサンダー・ツィルコフ
29735,井上美麗奈
29736,ユリア・アサードバ
28142,モアナ梨江
28143,ロゼラニ幸恵
28144,マカレア麻衣
27481,駿河太郎
28140,吉田明加
5956,宮崎美子
5215,小市慢太郎
11789,木南晴夏
29741,河合美智子
9480,山田キヌヲ
17131,浦井健治
28118,林えいだい
28178,神崎あづさ
28179,倉地ミツ子
28109,蔦文也
28110,蔦キミ子
28111,畠山準
28104,リン・チーリン
1160,池内博之
27439,福地祐介
28101,小澤亜李
28087,中島貞夫
28089,木村彰吾
27851,佐藤みゆき
28059,TAK∴
17362,篠田麻里子
28055,山口香緖里
28056,町井祥真
3355,不二子
28052,井端珠里
27904,真上さつき
28053,美知枝
22471,テイ龍進
4294,平田満
28390,前川正行
28393,村上しお
28394,松岡真吾
28381,吉原義一
28382,吉原義人
28383,中島義男
28365,松井富栄
28366,税所伊織
28367,森谷康市
28368,石川秀樹
28326,山下晶
28330,イフマサカ
28335,岡本ヒロミツ
28292,西村雄正
28293,荒木誠
28294,能勢浩
28453,ツーライス大ちゃん
9704,山本學
8003,前野健太
27977,白石茉莉奈
7445,三浦涼介
4122,武田航平
26233,荒川ちか
27968,大家健
27969,HARASHIMA
27970,男色ディーノ
2053,もたいまさこ
19834,内堀太郎
10135,松本まりか
27957,矢作優
27955,伊東蒼
27956,金城実
27953,松浦慎一郎
27954,梅田誠弘
27951,古屋隆太
8823,杉野希妃
9801,青木崇高
31869,ヘンリ・ミトワ
5327,ウエンツ瑛士
24100,渡辺護
22299,黒田大輔
27906,増田璃子
13961,広澤草
27865,深水三章
20862,中原丈雄
462,椎名桔平
4924,荻野目慶子
79,田辺誠一
27858,桜井明美
27852,岩井堂聖子
16158,小水たいが
20956,足立智充
27819,ガネス・マン・ラマ
27828,サルミラ・グルン
27829,ジャガット・ラスティア
27822,カンガン・ラマ
27896,ミティラ・サルマ
27807,樽川和也
27808,樽川美津代
27786,キム・セビョク
10716,岩瀬亮
27787,イム・ヒョングク
1736,康すおん
24913,miwa
27774,柿原りんか
26100,中島裕翔
6208,松木大輔
27745,美沙玲奈
27761,友部康志
19345,村上真希
28036,入船亭扇遊
27756,犬飼直紀
8050,濱田マリ
27922,石崎ひゅーい
26070,三上哲
24325,小桜エツコ
19058,重岡大毅
20353,大倉忠義
5346,大島優子
819,織田裕二
27731,イェソン
21904,大西利空
27900,ジエン・マンシュー
820,柳葉敏郎
4141,大地康雄
16674,岡本杏理
27716,伊藤洋三郎
6990,佐野和宏
28094,安藤朋子
17849,吉野晶
17959,正木佐和
4032,佐藤寿保
1050,瀬々敬久
4513,サトウトシキ
4285,いまおかしんじ
15998,井口裕香
2113,上野樹里
29313,杏
27705,タハール・ラヒム
27706,コンスタンス・ルソー
27707,オリヴィエ・グルメ
27700,松本来夢
27701,久志本眞子
1360,宮﨑あおい
5888,内村光良
27688,桜井美南
461,本木雅弘
3955,竹原ピストル
23360,M・A・O
16890,早織
18586,中村有沙
25621,西内まりや
2819,ミムラ
27664,鈴木理学
27665,北澤ゆうほ
29775,高橋光臣
27652,真境名ナツキ
9144,藤田朋子
22478,西尾まり
21420,秋月三佳
27648,L.JOE
1910,勝村政信
946,深田恭子
27630,ハヤテ
27296,紗倉まな
18973,今村彩子
27623,すずきけいこ
27624,櫛田泰道
27597,麻倉もも
4535,黄川田将也
27811,Azumi
8709,藤谷文子
27594,永瀬隆
27586,村田香織
7760,中村優一
26214,朝倉ことみ
27569,真木今日子
27566,古川いおり
27567,福咲れん
27568,佐倉萌
27565,西村和彦
27557,マイケル・ダグラス
27558,マーティン・スコセッシ
27535,犬塚虎夫
1843,村川絵梨
18865,奥田庸介
27508,岩田恵里
27502,万里紗
18537,中野剛
25377,生駒里奈
23099,池岡亮介
28463,今井華
18183,稲川実代子
28464,Black Diamond
8658,竹野内豊
14752,木嶋のりこ
9187,河合龍之介
23891,永野宗典
23919,倉田大輔
13647,山内健司
27455,和田周
27447,池上彰
9481,松岡龍平
27438,東加奈子
27435,中島蓮
27436,今谷フトシ
27427,飯伏幸太
21700,斉藤秀翼
27428,河西美希
1235,袴田吉彦
27412,ジョン・ゴントナー
27413,フィリップ・ハーパー
27414,久慈浩介
9172,AKB48
27390,竹内えり
27391,杉江大志
27374,川原亜矢子
27370,森絵梨佳
8187,桜田通
27369,TAKUYA
19902,島崎遥香
27357,秋山成勲
10192,中村映里子
27358,花田優里音
15720,金子ノブアキ
18682,相楽樹
27356,中村祐志
26661,育乃介
28037,田中広子
27350,ユグォン
27351,加藤葵
27326,松永瑠衣子
27327,鈴木達治郎
27328,伊原義徳
31019,リチャード・アーミテージ
22707,藤ヶ谷太輔
20166,河北麻友子
27303,佐藤乃莉
27304,石橋宇輪
27305,古山憲太郎
24862,ファンキー加藤
3211,小池徹平
3168,平愛梨
27297,星美りか
27298,板野有紀
27918,丘咲エミリ
27919,武藤つぐみ
27920,長谷川しずく
27921,檸檬.
21034,佐村河内守
27284,藤山直美
10069,蛭子能収
23527,トリンドル玲奈
27277,石田ひかり
27268,阿部丈二
27256,川平慈英
27257,すみれ
27258,七海
23616,佐藤すみれ
22870,菜々緒
27242,ayaka
27243,mei
27244,yumi
27799,ami
27800,minan
27801,hime
1095,森田剛
27834,Have a Nice Day!
27833,おやすみホログラム
27835,NATURE DANGER GANG
21819,瀬戸内寂聴
27231,孫崎享
27232,長谷部恭男
28470,井上達夫
28471,伊勢崎賢治
28472,カレル・ヴァン・ウォルフレン
27227,野村勝人
27228,朴ろ美
2150,里見浩太朗
27223,田中秀幸
27217,中村里砂
27218,森野美咲
27210,ランス・ヘンリクセン
27211,ケビン・デュランド
27209,メラニー・サンピエール
27205,米内山明宏
76,横尾友美
27206,佐沢静枝
27198,田中寅夫
27199,田中フサコ
27200,矢田恵子
6998,神楽坂恵
1007,遠藤賢司
27192,池田優斗
3634,園子温
27172,松田米司
27174,尾久彰三
27173,山内徳信
28102,北窯 工房のみなさん
27164,阿部淳
27165,石森洋悦
27166,阿部由理
28002,片岡鶴太郎
19717,赤塚不二夫
27160,青木こずえ
27161,赤塚りえ子
27152,イオリ
27153,稲生恵
20227,川上史津子
28091,愛奏
13778,吉澤健
28093,三上寛
236,宮迫博之
20352,安田章大
27120,新木さくら
27121,坂井朝香
27122,大庭彩歌
27111,西畑大吾
27112,向井康二
27113,大西流星
4971,伊藤清美
27101,和田華子
17112,峯岸みなみ
16495,高田里穂
27094,木村迪夫
27095,木村シゲ子
27096,井上由樹子
13038,村井良大
14579,秋山真太郎
27079,谷川みゆき
27069,三宮英子
16902,水井真希
27077,三貝豪
27075,アカリ
9094,綾乃テン
27072,こうのゆか
27070,松下愛子
27073,星野佳世
12636,藤堂海
27067,くわの空
27068,田中良一
27063,河嶋遥伽
27064,太三
27065,星野ゆず
22492,岡田奈々
27058,元木行哉
26085,朝倉えりか
27049,円城ひとみ
27892,飯島洋一
27050,酒井あずさ
8533,入来茉里
8747,要潤
27018,桐島ココ
21024,大和田健介
5710,佐伯日菜子
22942,雲母
669,金子昇
16504,清水一希
28469,合香美希
27009,中川ゆかり
27888,古屋利雄
24753,永山由里恵
26991,工藤美岬
26987,若山耀人
1223,高橋和也
14963,野島健児
26976,石川英郎
25446,金子理江
22824,Vampillia
15966,山部善次郎
26963,サンボ慎太郎
26964,アンチテーゼ北島
26965,中嶋有木
26950,高森奈津美
19841,指原莉乃
26938,田島芽瑠
21693,山本彩
26935,沖田彩華
26936,白間美瑠
26910,田英夫
3047,ジョン・ダワー
26911,樋口陽一
17656,森下能幸
15036,夙川アトム
26886,中川可菜
2381,ソニン
26877,安藤玉恵
26878,竹中涼乃
26879,矢崎由紗
13377,兒玉宣勝
26873,小野しおり
2925,星野真里
26870,豊嶋花
15293,丸純子
26834,有馬芳彦
26832,水島裕子
26833,菅原昌規
23518,石川優実
23134,瀬戸早妃
26829,柴田明良
12460,矢吹春奈
23414,中村朝佳
26820,夕樹ゆう
26821,朝霧涼
26799,江籠裕奈
26800,中田美優
26801,武藤愛莉
26796,中川真桜
26797,木野山ゆう
26793,大沼遼平
26790,松山優太
21695,横山由依
26788,北村岳子
26785,茂木忍
16781,谷内里早
26786,菊地燎
26782,中西智代梨
24132,中村龍介
26780,坪内守
26781,相島一之
26778,宮澤佐江
26779,小池亮介
26894,木暮茂夫
23914,中山龍也
16637,Cocco
26767,キム・コッピ
15997,浅野真澄
13895,新妻聖子
5125,山本耕史
26757,桑原彰
26758,武田祐介
26754,辰𠮷𠀋一郎
26983,辰𠮷るみ
26984,辰𠮷寿希也
26751,桜井大造
26752,流山児祥
26730,ルイ・シホヨス
26947,リック・オバリ
26725,塩澤英真
9102,春田純一
14211,大口兼悟
26893,奥西勝
25840,吉田裕
26717,松浦真也
26707,橋本真一
26708,山口純
26709,野田優也
15953,田村愛
4292,吉岡睦雄
26694,山地まり
26695,佐藤聖羅
4776,広田亮平
26685,高橋健介
26674,儀間果南
26675,平良優大
26676,木村海良
25370,山中アラタ
26602,山口小夜子
26860,セルジュ・ルタンス
26861,丸山敬太
24003,福島潤
26582,祥子
26554,裵ジョンミョン
26815,スギちゃん
26550,渡辺恵伶奈
5912,井坂俊哉
16128,つるの剛士
9520,伊藤克信
26529,花守ゆみり
26510,田中幸恵
26511,菊池葉月
26512,三原麻衣子
26607,川村りら
6947,広河隆一
16525,夏菜
18054,遠藤久美子
26502,バッファロー吾郎A
26491,中垣直久
26492,梶原香乃
3272,本多章一
26483,野崎萌香
20383,高月彩良
26478,森田桐矢
26479,大貫真代
26480,延増静美
7468,的場浩司
26469,宮本真希
26466,武田純子
26464,川口美砂
26465,山田勝利
16121,和気一作
26460,旭堂南湖
26457,犬田文治
19837,木乃江祐希
26452,風間優
26453,山本愛莉
4332,デモ田中
26449,伴秀光
26450,晴野未子
21750,あやなれい
26445,花田俊
26446,新田匡章
26447,辻彩加
4415,深水元基
26435,アベラヒデノブ
26430,水間ロン
11810,山本裕典
26415,もね
23753,けちょん
26416,しふぉん
26588,ようなぴ
26589,ちーぼう
26838,あ～ちゃん（西脇綾香）
26839,かしゆか（樫野有香）
26840,のっち（大本彩乃）
1867,小林聡美
463,上川隆也
26402,港家小柳
26403,沢村豊子
604,鳥羽潤
652,目黒真希
12786,Micro
26396,大村彩子
26663,五味佳晃
26395,山川未菜
26393,岡本光太郎
26389,樋口裕太
26390,山崎大輝
26391,小川慧
17171,鈴木杏樹
26379,河合弘之
26669,海渡雄一
26802,木村結
26375,井口佳子
26376,上遠恵子
26377,石川眞佐江
26356,佐藤まり
26357,中島茂和
26349,東條裕輝
26350,宮本優也
26351,吉田武揚
12506,長谷川葉生
26336,緑川賢司
20542,真砂豪
26584,坂井紀里子
26585,ニノイ・キアット
2281,宇梶剛士
19301,清水尚弥
26317,村上穂乃佳
15431,大谷英子
26310,小堀友里絵
26302,松田まどか
26297,中田裕一
26580,森林永理奈
13093,長谷川朝晴
26228,栞那
26223,佐々木大介
26224,浅野千鶴
26215,涼川絢音
26210,チャーノン・リクンスラガーン
22236,伊澤恵美子
26576,篠井英介
26206,イノウエアツシ
7009,蒼井そら
26271,綾小路翔
26202,大友花恋
13649,ブライアリー・ロング
26183,ジェミノイドF
178,麻生久美子
26176,安藤輪子
26174,柳家喬太郎
26251,レン
16313,青柳文子
26191,比嘉照夫
26192,飯山一郎
26193,船瀬俊介
26194,増川いづみ
26195,田中佳
26196,杉本一朗
26197,平井孝志
10103,前田耕陽
167,中谷美紀
26120,アナ・ジラルド
26114,石橋穂乃香
26115,山村憲之介
7962,柴田光太郎
26276,ともこ
26277,研ナオコ
26112,横田龍儀
13960,赤澤ムック
26107,葛木英
24131,山田ジェームス武
25364,田中日奈子
1460,一青窈
2589,紺野まひる
22167,原田貴和子
238,平泉成
1288,古谷一行
4439,赤井英和
5349,秋元才加
23140,洲崎綾
13881,入江甚儀
21253,篠原篤
22317,成嶋瞳子
26072,廣瀬大介
26073,井澤勇貴
22747,興津和幸
26049,宮井くらら
26047,松崎謙二
26048,野村真美
26042,松下華菜
26043,大久保妃織
26044,新倉真由美
26039,中村桂子
26040,末盛千枝子
26041,新宮晋
26031,木下美咲
3596,田中隆三
26023,内藤礼
26291,大山景子
26292,沼倉信子
26293,田中恭子
26021,西村峰龍
26022,小野亮子
26015,酒井アサヨ
26016,酒井章子
19910,石坂友里
13947,中村邦晃
21681,石内都
26005,かすみ果穂
26006,RiKA
15319,倖田李梨
25997,原田要
25998,重田常治
26283,リチャード・ジロッコ
26284,金城秀夫
26285,西開地良忠
25992,ニッピ・ノヤ
25993,メアリ・デーナ
26275,ロン・メイヤー
25994,内山馨
739,岡田浩暉
4550,河井青葉
25944,セサル・ロペス
25945,アクセル・トスカ
25946,ロランド・ルナ
25940,大宮将司
25941,彫政統
25923,キム・スンドク
26862,カン・ドクキョン
25921,松嶋庄汰
25914,三宅洋平
25908,ドー・シュンレアウン
25909,ウー・ポーラピエ
25910,ウー・ミョーミンタン
12511,津村禮次郎
25906,小㞍健太
25907,酒井はな
25895,中村文昭
26803,東野昭彦
25900,肥川真理子
26853,氷室優
25899,西園和彦
26854,森日和
25894,石川真生
26255,大田昌秀
26124,玉城洋子
26256,知花昌一
25887,金谷ヒデユキ
25888,浜畑賢吉
26924,園まり
25877,中島菜穂
25878,小幡誠
25879,白石直也
25871,金子鈴幸
12573,永山たかし
2254,佐藤めぐみ
1189,長嶋一茂
25854,清原果邪
15296,ミッキー・カーチス
21697,奥仲麻琴
25844,ダライ・ラマ14世
26280,ミンス
26281,ジュノ
30913,阿部力
25817,川口博美
25814,宮嶋信
25808,小川三夫
26287,大野玄妙
25807,隈研吾
25806,成澤由浩
26279,河合真如
19546,宮脇昭
26835,畠山重篤
26849,大橋力
627,北野武
26850,田中克
26851,倉田克彦
26852,池田聡寿
26265,松村直登
26261,松村代祐
26262,半谷信一
26266,半谷トシ子
26267,伊藤節郎
26268,吉澤正巳
26269,原田浩司
25777,渡辺菜生子
25778,森屋正太郎
25779,会一太郎
25769,浜田賢二
25759,角田尚子
25760,石井麻実
25761,石川智紀
15391,日村勇紀
25754,竹石悟朗
25568,さかなクン
25569,中山さら
25570,龍田直樹
25733,福地教光
25732,宮緒舞子
25731,木下聖浩
25730,松本壮一郎
9820,加藤慶祐
13188,鈴木勝吾
26144,久保田秀敏
21677,倉貫匡弘
15010,柳憂怜
15226,山本宗介
22325,橘美緒
15408,中島愛里
26145,潮美華
25721,高木心平
18591,高崎翔太
9779,八神蓮
26153,萩原鈴
26154,桑原みずき
26155,小崎愛美里
11918,金澤美穂
25720,中原一博
25716,ELLY
25717,八木将康
10715,遠藤要
25714,畠山直哉
25707,TOSHI-LOW
25708,KOHKI
25709,MAKOTO
25710,RONZI
25705,Ken Yokoyama
8054,りょう
13021,大迫茂生
23205,久保山智夏
6996,白石晃士
1505,風間トオル
14226,KENN
13901,茅原実里
25685,杉本ゆさ
25686,伊藤麻希
25687,福山果奈
20070,藤原令子
13399,水野絵梨奈
1527,柴田恭兵
25655,浅野温子
1406,仲村トオル
26624,屋良優作
16399,一龍斎貞友
465,小雪
26631,ボリス・シッツ
25635,ケナン・エジェ
13039,森カンナ
4602,斉藤陽一郎
25594,コーイチ
24391,カイ
25595,リョウガ
9099,三元雅芸
25000,逢坂良太
16859,金元寿子
9743,神田沙也加
23019,内野聖陽
2094,首藤康之
25530,三盃幸一
25531,農口尚彦
25532,波瀬正吉
26665,中三郎
26666,坂口幸夫
26667,家修
1909,美波
1790,土屋アンナ
15026,内山昴輝
14339,桐谷美玲
22770,小芝風花
25492,井上苑子
25493,大関れいか
25494,真山朔
5784,高橋惠子
25693,LiLiCo
4072,鈴木卓爾
25477,佐藤歌恋
5019,野嵜好美
25428,富樫美鈴
4060,工藤夕貴
13571,菊池こころ
8651,竹内順子
20655,矢部太郎
25394,尾藤亜衣
25395,小橋宏美
25396,仁科あい
25393,桑原麻紀
7537,谷桃子
25388,瀬古千裕
26128,木名瀬信也
26129,柳井和臣
26130,橋本義雄
26131,流政之
25367,柏木ひなた
17411,竹富聖花
594,坂口拓
13814,菊池亜希子
19257,三根梓
17256,小林ユウキチ
1715,犬山イヌコ
439,戸田恵子
3651,田口浩正
690,寺島進
509,樋口可南子
477,釈由美子
21393,塾一久
25322,柳英里紗
25317,新田恵海
25318,南條愛乃
14341,飯田里穂
26648,Pile
26649,楠田亜衣奈
26651,徳井青空
1176,鈴木京香
15926,内田伽羅
22073,諏訪部順一
8478,FROGMAN
21655,瀧本美織
2530,哀川翔
8765,鈴木砂羽
4009,城田優
21698,永瀬匡
25250,矢作紗友里
1559,吹石一恵
3287,近藤正臣
14637,森田成一
25234,戸塚祥太
26188,チェ・ジニョク
26189,モン・ガンルー
26190,イーキン・チェン
25215,金井紀年
25217,村田吉弘
25218,佐竹洋治
1490,夏川結衣
17549,篠崎愛
14342,牧田哲也
5740,やべきょうすけ
17427,松坂桃季
25122,佐々木るり
25123,佐々木道範
25124,佐藤晴美
25087,西川喜一
25094,松井桃子
25099,のぐちゆり
25100,養父佑里乃
25101,神島正和
25069,竹森千人
25047,長森雅人
25048,飯田孝男
25038,南里美希
25039,桑江咲菜
13313,中島愛
24122,北川里奈
16811,中田敦彦
295,大沢たかお
22856,根岸拓哉
25021,宇治清高
6172,杉浦太陽
25009,小場賢
25010,ももは
2966,関めぐみ
25007,藤原薫
15031,豊崎愛生
22582,プー・ルイ
24993,コショージメグミ
22583,ヒラノノゾミ
25113,テンテンコ
25111,ファーストサマーウイカ
25112,カミヤサキ
15400,玉井詩織
15403,高城れに
15402,有安杏果
15401,佐々木彩夏
24988,加治将樹
24980,中野さくら
15118,田中卓志
24981,山根良顕
24972,紗都希
24973,高樹マリア
22135,菅谷哲也
24956,島袋聖南
19570,渋谷すばる
1172,風吹ジュン
13128,AKINA
24923,福田萌子
24924,山城智二
25152,知念臣悟
4220,片桐はいり
24911,マキタスポーツ
1877,内藤剛志
6743,渡辺梓
24888,上野千鶴子
25097,田中美津
25098,樋口恵子
21066,ナオト・インティライミ
18859,岩永洋昭
23467,岸明日香
24873,蒼波純
24864,大黒堂ミロ
24865,東學
25171,シモーヌ深雪
9550,伊藤静
25114,荒井隆人
25115,川田誠司
25116,佐藤勇真
24833,石本浩市
24834,石本弥生
25050,石川真理
24822,山本方子
24823,山本泰成
24824,キム・インホ
24819,高橋綾沙
24820,飯田芳
1975,水谷ケイ
7967,浜田学
24806,西本はるか
24804,加藤志異
24801,おとぎ話
16341,嘉門洋子
24774,小崎愛美理
24775,佐藤岳人
24771,影山祐子
21710,小松彩夏
24769,村木雄
14897,櫻井拓也
24761,星咲優菜
24762,阿部隼也
24747,中村愛美
13675,新井秀幸
15809,渡辺奈緒子
24745,斎藤歩
20755,管勇毅
20645,竹厚綾
24733,亀山陽
22646,稲葉雄介
10406,ノゾエ征爾
8827,宮本裕子
24713,佐藤研一
25063,秋田稲美
15470,森美智代
24712,永山久夫
24497,柳沢茂樹
21053,細江祐子
23677,太田信吾
24371,本山大
24372,SHINGO☆西成
24369,沖渡崇史
24382,今井照夫
24383,佐藤文男
24384,丹羽宏
24360,坂口すちえ
24361,宮園マリ子
24362,坂口諭
13445,小松由佳
15986,高橋広樹
13884,東地宏樹
10497,玄田哲章
24405,堀勝之祐
24353,村松利史
23466,飯尾和樹
25184,岩井ジョニ男
16771,酒井敏也
24345,枝野幸男
24346,福山哲郎
24347,菅直人
17090,木ノ本嶺浩
10119,川村亮介
21773,水本佳奈子
24331,リウ・シーシー
24476,チャン・シャオチュアン
20850,能年玲奈
24312,加藤翼
13354,中村千絵
7756,森久保祥太郎
24308,秋元真夏
24310,橋本奈々未
24295,岡村優
24296,夏緒
24275,根岸遙子
24276,安澤千草
24277,荻野百合子
18856,相葉雅紀
24263,ハン・ヒョジュ
16274,渡辺裕之
24261,柴田かよこ
24507,坂元健児
9104,谷川俊太郎
24587,古山茉実
24588,松永秀則
24253,サノシュンスケ
24254,清野由佳理
24255,藤井智子
24611,三嶋浩二
24612,松本剛
24613,坪谷光昭
24614,MEGWIN
24615,小熊美香（日本テレビアナウンサー）
24616,八奈見乗児
24243,比留川游
9856,安達祐実
15257,大島美幸
12191,及川奈央
24228,佐藤楓子
24229,佐藤莉奈
24230,森田有紀
24213,山田将司
24214,菅波栄純
24215,岡峰光舟
24472,松田晋二
24202,KANON
22021,田中美麗
24195,趙民和
24196,小川菜摘
2515,アリ・サクバン
24537,妻 ロシャ
24538,娘 ゴフラン
24539,娘 ファティマ
24187,道端ジェシカ
24166,ユ・ジテ
24167,チャ・イェリョン
24155,ミンヨン
24156,ユンヨン
24157,武藤英明
24140,大下源一郎
12990,渡辺大輔
7232,高木万平
12426,伊勢谷能宣
24126,伊藤公一
24125,安藤裕子
24108,倉八慶
24109,藤田彩子
24101,愛田奈々
10726,岡田智宏
24102,なかみつせいじ
1761,堀北真希
24091,和田哲史
24081,仲原舞
24082,宮﨑理奈
6603,水原薫
24067,明坂聡美
16501,小澤亮太
24057,城戸康裕
24569,五十嵐麻朝
24054,吉木遼
3713,遠藤雄弥
24048,新納慎也
24042,舞羽美海
23930,真行寺君枝
3132,廣末哲万
24038,田坂秀樹
24030,瑞木にょこ
24031,鈴木大輔
24022,佐倉絵麻
24023,比嘉梨乃
24596,桃月庵白酒
8840,高橋洋
24016,野川さくら
14964,田中理恵
16476,園崎未恵
13060,福圓美里
21869,稲川淳二
24009,胡桃沢まひる
24010,神堂未祐奈
23995,木内彬子
23996,西村美恵
23991,阪井まどか
23989,姿月あさと
1976,江口ナオ
23976,佐藤かよ
23972,ヨン・ジェウク
17645,キム・コッビ
19625,葵つかさ
4534,黒谷友香
22529,新垣樽助
22997,咲野俊介
22530,中國卓郎
22531,上田燿司
24498,玄里（ヒョンリ）
23952,たくや
24619,伊勢大貴
24620,前山剛久
24622,髙﨑俊吾
24623,石井正則
23483,青山美郷
23913,副島美咲
23932,小明
23931,清水みさと
23915,鈴木淳
23893,荒谷清水
12255,内田春菊
23892,たゆたう
23890,GOMESS
23887,TADZIO
23888,米本学仁
18758,松居大悟
23878,ケツ
23879,馬と魚
23880,坂元ゆうな
21246,佐藤亮
23870,挫・人間
23865,谷啓吾
23861,川上恵里
23862,安保彩世
23855,青山未来
23850,中村祐太郎
23833,Nakajin
23835,Saori
24624,DJ LOVE
23827,濱田響己
23828,紫英
23829,河村宏正
4775,松本明子
23816,古川日出男
23817,管啓次郎
23815,小島ケイタニーラブ
24524,柴田元幸
3277,山本作兵衛
663,生瀬勝久
23782,照井光夫
23784,照井孝子
23785,後藤明彦
7836,池田将
7857,吉武真理子
23778,岡健太郎
23779,岡本正吾
23780,大島竜偉
23781,眞鍋登希子
14537,火野正平
23683,ジャバテ璃瑠
23768,仲村渠さえら
23684,ラミン・ユール・ジャバテ
23679,増田壮太
23680,冨永蔵人
24432,増田博文
24433,増田三枝子
23675,野田弘志
23667,林家たい平
9696,ゴリ （ガレッジセール）
9799,玉山鉄二
3024,黒木メイサ
15007,未来穂香
10150,川村ゆきえ
3804,市川海老蔵
5490,松岡恵望子
7406,梅野渚
23628,中村栄美子
20150,寺十吾
23629,廣川毅
1818,平田広明
8427,寉岡萌希
16328,冨田佳輔
23596,六車奈々
23459,川本まゆ
23593,田中美晴
12676,中村無何有
23588,工藤翔子
2730,伊藤猛
14406,吉永淳
5907,松田美由紀
17855,常田富士男
19571,村上信五
20330,関口ひろこ
23572,吉住はるな
23701,牧口真幸
13470,石塚運昇
21511,森山良子
15082,テレサ・チー
23566,コウ・ガ
23559,福本清三
21436,片山享
23551,秋山タアナ
23552,友松栄
17623,陳内将
23068,池田ショコラ
6981,篤海
23536,伊東紅
23534,大沢ひかる
13190,相馬圭祐
23733,世羅りさ
23734,Sareee
23735,山口ルツコ
23517,市橋直歩
23519,小林ユウイチ
23514,森野あすか
23354,石田知之
21866,本山なみ
23492,山田静
23489,赤羽根健治
23482,伊藤秀優
23479,赤木伸輔
23476,夏樹陽子
4264,勝野洋
15666,千葉美紅
7972,笠兼三
23474,石川文洋
19323,刈谷友衣子
6979,小谷嘉一
8725,高梨臨
23458,伊藤梨沙子
23454,小野川晶
14113,豊口めぐみ
23438,須佐心一
23430,中川幸夫
12084,荒木経惟
4840,大野一雄
24488,Taka
24489,Toru
24490,Ryota
24516,Tomoya
23426,藤澤志帆
21832,真凛
23401,岡部成司
23399,桂由美
23388,松田洋昌
23389,倉田あみ
23390,伊藤優衣
23382,本多真梨子
23384,荒浪和沙
17966,藤江れいな
23374,竹内美宥
10532,中山絵梨奈
23755,石川一雄
23756,石川早智子
23333,伊澤柾樹
13749,大前喬一
23321,諸星和己
6851,大沢樹生
23322,田中律子
20505,佐藤宏
2639,篠田光亮
23306,ユージン・キム
23307,マーレン・バーンズ
1177,原田美枝子
1153,長塚京三
8135,劇団ひとり
23040,小西彩乃
22825,山邊未夢
22826,新井ひとみ
23041,中江友梨
22827,庄司芽生
23288,橋本甜歌
23289,繭
23283,オレオレオナ
23284,TOMO-ZO
25060,FチョッパーKOGA
25061,はな
23275,朝倉みずほ
23752,仲野珠梨
23277,美月友華
24389,宇佐美萌
24390,柳沢あやの
24395,TIRA
23268,天乃舞衣子
23168,濱田のり子
23265,飽人
23266,井上優佳
23267,岩永悠平
24420,漆間朝子
24421,M84星雲
24422,坂崎真央
24423,高嶋仁志
24426,露崎朱音
24435,前田浅香
24436,夕凪時雨
10705,品川徹
1297,村田雄浩
10393,堂珍嘉邦
14781,中泉英雄
23256,ダン・ホン
1827,チェン・シーシュウ
17984,永淵幸利
16699,徳永玲子
16700,野中藍
23230,竹内太郎
23221,佐藤治子
23222,平孝臣
1051,Gackt
23201,松島庄汰
12989,浜尾京介
20683,川野太郎
23194,永岡昌光
23195,西村俊之
23196,小美濃芳喜
23770,テオ・ヤンセン
23189,タン・ラン
23190,磯村健治
23180,バレンタイン・バノン
21928,城戸愛莉
7482,七海なな
3223,石田卓也
16673,岡本あずさ
24520,多田木亮佑
13953,保志総一朗
16297,美名
23141,田丸篤志
23142,金子有希
1804,成宮寛貴
8597,杉山彦々
23129,石原あい
23130,若林立夫
23131,和泉妃夏
5713,松本花奈
14581,佐々木喜英
17106,阿久津愼太郎
14300,鈴之助
23116,KAZUYA
23743,辻亮次
23744,戸川正博
23745,渡部進
23746,渡部妙子
23747,梶原信幸
23748,あさくらせいら
17759,剛力彩芽
6482,中尾明慶
23105,竹森雄之助
6382,眞木大輔
23090,梶間広之
23091,所里沙子
23084,田中聖
7076,小杉竜一
23073,ローデッサ・ジョーンズ
23749,メデア・プロジェクト：囚われた女たちの劇場
22670,大野未来
23067,平牧仁
23724,吉田未來
21694,渡辺美優紀
22977,井上喜久子
12273,高橋美佳子
1280,小山茉美
22978,樋口武彦
22986,清水理沙
22987,伊藤和晃
22988,谷育子
22989,小形満
22990,藤本譲
22991,サエキトモ
14019,土田大
22740,下田麻美
13574,金田朋子
22993,星野充昭
891,雪野五月
20251,加藤英美里
23002,梅田貴公美
13876,水橋かおり
23008,小嶋一星
20277,銀河万丈
23009,内山夕実
22908,高橋知美
23023,小野恵令奈
16314,関口崇則
22864,太宰美緒
17734,上田耕一
13843,松尾諭
22860,隆大介
21766,宮武美桜
22857,大野瑞生
22849,TEENGENERATE
20670,生天目仁美
22847,堀内賢雄
22848,蒼月昇
2652,小島聖
4159,野村宏伸
22946,椙本滋
22807,古賀彰吾
9349,藤村歩
22804,勝杏里
22936,松本夕紀
9300,寺脇康文
22752,小林光春
22753,上村梓
20413,趙珉和
20766,川口真五
20764,野替愁平
10203,中村静香
23027,北見寛明
12948,多田あさみ
22721,柳原可奈子
23010,横山幸汰
23012,ポリーナ・イリュシェンコ
23011,谷合純矢
22708,菊池風磨
22896,ジェシー
17668,カンパニー松尾
22701,バクシーシ山下
22702,ビーバップみのる
4230,佐藤祐基
22685,加部亜門
22672,白濱亜嵐（GENERATIONS from EXILE TRIBE）
10533,福田佑亮（超特急/ユースケ）
2181,森次晃嗣
22654,オカ・アンタラ
23042,ルナ・マヤ
22650,青森大学男子新体操部
22947,静岡市大沢地区のみなさん
22634,久保健司
22635,勇人
3090,中川翔子
16503,市道真央
22626,中村繪里子
22627,長谷川明子
9725,今井麻美
13011,片岡孝太郎
22619,坂田麻衣
22620,高橋愛実
22621,山脇夕海
17899,丸高愛実
22612,楊原京子
22600,千賀健永
22601,高田翔
4229,水嶋ヒロ
22584,テラシマユフ
23033,ミチバヤシリオ
14237,崎本大海　
10230,紗綾
9770,つぶやきシロー
22548,とき
10168,岩佐真悠子
22542,山岸ゆか
22538,南結衣
22539,酒井蘭
13007,なだぎ武
22448,東野克
7811,本田貴子
22415,竹田尚弘
18301,坂田龍平
22392,高遠菜穂子
22393,今井紀明
13742,志賀廣太郎
1689,三輪ひとみ
22455,檀臣幸
22289,入山法子
22281,川島なお美
22282,イ・テガン
22304,北川史織
15626,諸星すみれ
22264,川崎航星
2092,宮﨑将
17390,市川團十郎
22237,土屋希乃
22238,土屋瑛輝
22315,石原淋
22233,首くくり栲象
327,赤犬
22347,ANI＆ロボ宙
22348,ALTZ
22349,RFD tuned by SOLMANIA
22231,ILL-BOSSTINO
22350,OORUTAICHI
22351,沖野修也＆沖野好洋
22352,オシリペンペンズ
22353,KA4U
22354,Calm
22355,KIHIRA NAOKI
22356,久保田コージ
22357,THE CREAMS
22358,"サイトウ ""JxJx"" ジュン"
22359,Sugiurumn
22360,須永辰緒
22361,太華＆浦友和
22362,Chieko Beauty
22363,中納良恵
22364,中村一元＆青山敏晴
22365,七尾旅人
17688,ハナレグミ
22366,PIKA☆
22367,HIDADDY
22368,BIKKE
22369,BLITZ AND SQUASH BRASS BAND
22370,山本アキヲ＆高山純
22371,金光正年
22229,山本陽平
17233,斉藤慶子
20180,竜雷太
397,鈴木慶一
14670,安藤聖
22203,羽鳥名美子
22378,伊藤正子
22379,佐々木健
22380,佐藤玲子
22398,小野和子
12037,湯江健幸
7182,高尾祥子
22178,イ・コヌ
22179,キム・セヨン
22180,チェジン
22309,インス
22310,ジュンQ
22173,朝加真由美
22166,赤木春恵
22154,ヒョミン
22145,りんごの木の子どもたち
22146,柴田愛子
22147,青山誠
22139,ファビアン・プリオビユ
3595,占部房子
22131,フー・ビン
22125,前川伶早
22126,西沢仁太
22108,二階堂高嗣
22109,橋本良亮
22093,花ヶ前浩一
22089,尾関伸嗣
22090,水野直
22091,植田ゆう希
22086,松田ジロウ
22087,針原滋
22081,平田裕一郎
2061,肘井美佳
14509,植野堀誠
22326,川野直輝
20228,丞威
15506,小池唯
6158,八木明人
22072,山口立花子
21947,杉田かおる
22479,ブラザートム
15038,中村有志
8243,大東俊介
758,尾上寛之
12330,喜多村英梨
22459,阿澄佳奈
19919,宮本佳那子
478,谷原章介
1560,岸谷五朗
14475,若林豪
22020,夏目あおい
22014,江口亜衣子
22015,愛代さやか
22462,市川しんぺー
1844,小倉久寛
22463,ベンガル
22004,麻亜里
21991,濱田ここね
8106,泉ピン子
21975,竹内ゆきの
21976,イチキ游子
21977,冨田じゅん
13841,佐藤泰志
21970,村上新悟
17443,加藤登紀子
309,竹内力
21963,栞菜
21964,倉葉さや
20789,大地真央
11857,並樹史朗
14431,斉藤とも子
16327,平沢いずみ
16326,橋本わかな
18784,藤波心
1166,金守珍
22421,北原雅樹
1171,山本太郎
546,嶋田久作
21920,蛇足
21921,入江玲於奈
16162,冨樫真
4551,手塚とおる
21902,高橋祐次郎
21894,那波隆史
21895,松澤匠
21896,高山真樹
21888,ベニシア・スタンリー・スミス
21889,梶山正
21890,梶山悠仁
7557,中居正広
1803,栗山千明
10164,真山明大
18584,戸田れい
21861,澤田由希
8137,長澤奈央
21850,松永渚
2674,大河内奈々子
13796,ウダタカキ
21843,大谷澪
21844,花井瑠美
21845,川田広樹
21838,片岡華奈子
21839,小室ゆら
2740,勝村美香
21833,咲世子
13120,大森暁美
21818,松田凌
12000,上島竜兵
21802,大沢逸美
21786,呉増棟
22486,濱田龍臣
21772,近藤真彩
21754,本屋敷健太
13020,川連廣明
21751,古藤真彦
21738,金田悠希
21739,舩崎飛翼
22318,本間翔
4635,奥田恵梨華
21736,伊藤蘭
22405,吉岡竜輝
21732,依田哲哉
9264,朴路美
21724,亜蓮
21725,Vlada
12578,古川雄大
22422,戸谷公人
6906,滝口幸広
8067,加藤和樹
21684,北山詩織
21685,後藤郁
17061,置鮎龍太郎
22511,岩田光央
3816,松田賢二
17933,佐藤康恵
14015,松山メアリ
21673,齊藤絵美
21674,佐久間利彦
21675,菅原比路美
5488,あびる優
5510,草尾毅
21660,二又一成
22456,牛山茂
21654,仙石みなみ
15324,佐藤綾乃
12662,宮内知美
21645,かでなれおん
15003,井田國彦
21636,河野知美
21637,泉水美和子
2347,麻丘めぐみ
6664,内田周作
21623,小松美咲
16541,佐藤B作
1138,犬山イヌコ
22483,高菊花
22484,黄茂己
22485,鄭茂李
4785,山内和彦
21609,三田真央
21610,森下じんせい
21605,宮本行
7132,原裕美子
330,山本剛史
21601,大庭裕介
21599,笠原千尋
13028,板倉俊之
18661,堤下敦
21583,ドンヒョン
21584,ジョンミン
21585,ヨンミン
21570,倉持由香
22383,Takahashi
13736,林遼威
21568,神月朱理
13129,ボビー・オロゴン
7766,南沢奈央
7629,六平直政
21467,マック赤坂
21468,羽柴誠三秀吉
21469,外山恒一
9579,麻美ゆま
21437,成澤優子
9580,日高ゆりあ
21432,中根久美子
21433,白石晴香
21434,高橋伸也
21412,mimpi*β
21512,石田剛太
21414,もりこ
21514,瀬古あゆみ
21515,ほりかわひろき
21516,中澤功
21517,真田雅隆
21518,筧十蔵
21519,坂本なぎ
21520,仁後亜由美
21521,佐藤幾優
21404,TOKMA
21405,福沢峰洋
21400,鈴木宗男
8234,松山千春
21401,佐藤優
21386,塚本愛梨
21148,舩木壱輝
21377,伽奈
22489,徳井義美
22490,藤澤恵麻
22491,大間ジロー
21343,EXILE USA
21347,EXILE MATSU
21337,大畠奈菜子
21338,北村昭博
21326,中川安奈
21288,アキコ・カンダ
21285,渡辺容子
21286,近藤誠
21287,網野晧之
21284,津田匠子
21279,阿部智子
21497,岡田久子
21498,吉沢正巳
21271,ユン・テヨン
21272,小宮悦子
19179,濵田岳
16896,平野文
16616,玄里
21256,奈良卓也
21257,伊藤瞳
21254,山下晃司
21255,松下貞治
8601,斉藤彩
21249,増田久美子
21245,平野鈴
21247,田山幹雄
22,清水美那
10046,正木蒼二
21234,木南晴香
5854,内田有紀
21215,丸井美登子
21217,荒川恭一
21213,きむらゆき
7086,柴木丈瑠
17031,辰巳智秋
16070,春山怜那
15384,山田ゆり
21210,茨木真之介
21207,相田淑見
21208,徳井唯
7587,松田祥一
7708,前田公輝
21201,茜音
2440,市瀬秀和
21194,溝口恵
21193,星名利華
21198,彩月貴央
21195,桑野晃輔
4306,寺田農
21185,伊藤友樹
22303,醍醐直弘
21177,田端義夫
21178,浜村淳
20417,立川談志
5217,佐野和真
21169,平岡拓真
21164,大川春菜
21165,林田麻里
15192,ミョンジュ
21160,戸田悠太
21161,寺岡勝則
21156,縞野枘
21157,佐藤健人
21158,広沢文
6218,宮田亜紀
6213,森田亜紀
21152,川村美喜
11941,五十嵐令子
3748,中原翔子
4774,船越英一郎
21140,鈴木れい子
21125,堀内暁子
18098,服部竜三郎
21126,鍛代良
21111,末岡拓人
21112,浅見姫香
9848,井戸田潤
14227,宮下雄也
22941,玉城裕規
2619,浅見れいな
17015,大迫一平
9930,芦名星
21075,髙橋洋
16252,三浦力
22470,小澤雄志
22472,張天翔
22473,諏訪太郎
8907,高山侑子
21054,綾見ひかる
21031,岩崎友彦
21032,村田啓治
21533,高木悠衣
21026,福見真紀
21027,鎌田紘子
21008,長嶺ヤス子
21004,リン・ルォヤー
21005,ブラックベリー
20994,氷室京介
1427,布袋寅泰
20995,松井恒松
22959,高橋まこと
1401,高岡蒼佑
21537,高橋理恵子
20962,金井光翔
12552,小林麻子
20959,松下洸平
20960,内田和也
20955,篠田涼也
3254,太田莉菜
20952,クリス・マコームズ
20946,飯島幸大
21561,髙橋務
20927,日比野達郎
20928,速水健二
13532,山本竜二
12764,石崎チャベ太郎
20921,桜木凛
20904,佐藤直志
21541,菅野剛
10700,中村真生
20884,海津忠
20885,有田杏子
6766,神農幸
20868,細井順
4561,原田佳奈
20859,蟹江敬三
10114,八代みなせ
16044,夏目鈴
20851,増田裕生
8113,福田沙紀
5320,若村麻由美
15460,清塚信也
621,今井雅之
21556,沢田亜矢子
8366,大和田伸也
20801,藤田琴子
20802,梅田麻穂
20803,志賀アリカ
20785,中村正義
20778,宮田俊也
11957,山元加津子
20779,紙屋克子
20780,柴田保之
12208,苫米地サトロ
20752,吉田圭
20753,苫米地花菜
21532,小林麻里
22345,玄里
20748,鎌滝秋浩
22381,小田敬
20746,伊藤尚美
19838,関寛之
20747,樹香
20743,新倉健太
20744,若井尚子
20475,高麗靖子
20740,真辺照太
20741,北口辰也
20736,新山志保
20737,松永祐樹
20738,鈴木将一朗
20733,坪谷隆寛
4034,吉井怜
15300,江澤翠
15329,小松みゆき
20732,河相我聞
20728,チョウチョウソー
20729,ヌエヌエチョウ
6711,佐藤正治 （声優）
14370,鶴ひろみ
3607,小出恵介
17460,川原和久
13927,国仲涼子
2387,別所哲也
12306,及川光博
2673,国分太一
20688,乙武洋匡
18618,田野アサミ
19371,西村ちなみ
20660,鈴木保奈美
1944,山口智充
734,酒井若菜
13759,福徳秀介
13758,後藤淳平
20658,くまだまさし
1105,麻生祐未
20654,ニコラス・エドワーズ
20651,庄司智春
20631,田中龍都
20632,永田家盛
20633,塩見大貴
20626,宅野誠起
20627,古谷克実
20628,鎌田優子
20619,筈見純
14613,折笠富美子
20615,村瀬迪与
20601,たうみあきこ
20602,大澤由理
20603,七感弥広彰
20594,水木一郎
20595,平淑恵
20596,星奈優里
8970,小西遼生
20571,蒼あんな
20557,逸見泰典（ジルバ）
21529,本田博太郎
20545,天野鎮雄
20541,藤久善友
9065,森衣里
20529,スン・ジェニー
20530,アズマン・ハッサン
20527,ムーディ勝山
17116,阿部真里
20528,森松剛憲
20524,Ai
20525,スシットラポン・ヌッチリ
20504,荒井タカシ
20499,駒谷仁美
20500,石田政博
20501,佐藤あずさ
20493,郭茂林
20494,李登輝
20495,呉家禄
9627,山崎真実
20759,山岸門人
20760,森康子
9500,平田薫
14998,綾部祐二
18860,行成とあ
22344,細川佳央
20478,大津尋葵
20474,影山聡美
20476,小林弘美
22343,中村健
20471,藤沢大輔
20472,宮園康秀
20469,新垣昌人
20465,伊藤了太
20466,齋藤隆文
20223,市橋優子
619,野波麻帆
16654,松崎しげる
6731,須賀貴匡
22877,ガブリエル・アルカン
20438,富田めぐみ
22882,GOMA & The Jungle Rhythm Section
20772,松岡ゆみ子
20415,千石英世
20776,文月悠光
20777,川野真樹子
20765,上田眞央
13487,高橋努
2496,前田亜季
12455,矢島舞美
17547,宮崎吐夢
15718,篠原友希子
13855,桃瀬美咲
20301,矢部美穂
1064,西興一朗
20302,さがね正裕
20299,葉山レイコ
18913,成田梨紗
16385,森下くるみ
3946,下條アトム
7138,範田紗々
20298,中田暁良
12097,横川康次
10682,堀越のり
20290,大嶋宏成
1785,ガッツ石松
20165,加賀美セイラ
16555,神尾佑
20156,松尾れい子
20157,小林聡
20152,大畑伸太郎
20148,前川麻子
18489,飯島英幸
21547,いしのようこ
6186,斉藤慶太
20319,大寅興行社の皆さん
20133,佐野洋子
20134,フォン・イェン
20322,木下愛
20323,木下洋子
20324,木下美穂
20325,吉川結美
20326,木下堅固
20327,木下節子
20328,木下仁
20250,木内秀信
20123,愛河里花子
7745,くまいもとこ
13443,山口由里子
17198,矢尾一樹
17199,チョー
15247,鈴木福
20171,ハリー・アクネ
20172,グラント・イチカワ
20173,トーマス・サカモト
9814,徳山秀典
781,高野八誠
20092,増岡弘
19649,佐久間レイ
8848,川野直輝
16099,寺崎裕香
20086,久保田恵
17773,大原崇
9551,斎賀みつき
20080,吉村妃里
20068,池田愛
7593,マイコ
20059,熊谷弥香
13078,高山都
9776,斎賀正和
20042,押田大
20043,押田清剛
6078,加藤夏希
20031,中田ちさと
20012,渡辺麻友
20013,本城雄太郎
15478,会田誠
19998,島村和秀
19996,辰巳芳子
19994,林丹丹
19964,中塚智実
19965,松橋ほなみ
19966,小坂真郷
6279,伊藤仁
6281,鷹野毅
15731,玉川砂記子
20239,デイブ・ウィッテンバーグ
20240,メリンダ・リー
20241,ヴァル・タッソー
20242,ロビン・サックス
20243,コートニー・テイラー
20244,サリー・サフィオッティ
19933,小林研一郎
20313,コバケンとその仲間たちオーケストラ
20314,池田理代子
20315,瀬﨑明日香
20316,川畠成道
19931,ワン・チュアンイー
13641,平田オリザ
20233,新居延遼明
6483,泉谷しげる
19909,金子岳憲
19911,枡野浩一
11774,森本慎太郎
19890,木咲樹音
19891,坂東工
19886,塚地武雅
7957,安めぐみ
5509,子安武人
487,高橋克典
20159,神山繁
13464,藤間宇宙
18598,ユキリョウイチ
19864,宗像大介
19860,奥原邦彦
19861,緒沢あかり
19862,小林大介
19857,由愛可奈
1497,八嶋智人
9899,北大路欣也
19839,安保優一
20263,澁川智代
16824,牧野琢也
15075,広木健太
12351,駒木根隆介
19830,松井咲子
19824,相葉裕樹
12778,小深山菜美
19820,塩野谷正幸
11965,村上和雄
19810,ディーパック・チョプラ
19806,周防ゆきこ
19807,小沢アリス
19801,久保田麻琴
19802,長崎トヨ
19803,高良マツ
19797,山下正寿
19798,野口邦和
19799,高橋博子
19782,奥野匡
19766,高橋歩
19767,CAP
6828,栩原楽人
19761,青野未来
7573,徳井義実
19759,尾崎ナナ
20231,加納浩太
20232,小嶋喜生
20229,豊田悠
20230,岡崎雅
1067,諏訪敦彦
20225,有宗麻莉子
20224,伊藤希
20222,安楽将士
19741,野中美郷
19742,鮎川太陽
19743,替地桃子
12271,豊永利行
14795,粟根まこと
19729,喜矢武豊
19730,野水伊織
19724,宇佐美治
19725,畑野研太郎
19726,曽我野一美
20360,南三陸のみなさん
19704,新城カメ
19705,高良多美子
19706,上地美佐子
19698,UVERworld
10086,白竜
11856,井上美琴
19669,仲里ハル
19670,宮城トヨ子
19671,宮城喜久子
5592,前田登
19626,篠原杏
9515,疋田紗也
14230,大塚麻恵
19620,福島菊次郎
10088,倉見誠
19098,Koji
19597,RIO
19598,太田千晶
13082,下宮里穂子
19593,三國裕子
3820,モト冬樹
16974,内村遥
2441,藤真美穂
19566,桃井はるこ
20253,永井一郎
17900,伊藤えみ
7508,星野あかり
19561,綾瀬れん
4355,秋山莉奈
19547,川本三吉
19548,西原由起
19541,須藤凌汰
19535,黒柳徹子
13965,高畑勲
19536,中原ひとみ
1744,加藤あい
2651,佐藤隆太
19518,大堀恵
19519,里久鳴祐果
19520,小澤真利奈
19512,灰野敬二
19513,不失者
19514,高橋幾郎
19507,永峰絵里加
19508,いとうよしぴよ
19500,ドリーミング（寺田千代／寺田嘉代）
10470,小林優斗
19491,浜田翔子
19492,笠原秀幸
19493,緒川凛
15298,勝矢
13943,原紗央莉
19479,アラン・ビンセント
19480,ソノヤ
11932,あがた森魚
17092,杉井ギサブロー
19432,大塚康生
5751,手塚治虫
19365,前川清
19366,酒井和歌子
4475,山田優
19354,柚木彩見
19355,宍戸開
19488,山田明郷
17574,パンチ佐藤
19349,安田好弘
19343,完山京洪
19346,SoRA
19224,坂口恭平
19339,鈴木正三
19340,船越ロビンソン
19336,オロ
19481,モゥモ・チェンガ
19337,ラモ・ツォ
19329,2PM
19330,2AM
19324,大久保祥太郎
19319,喜多陽子
12522,粟島瑞丸
19320,松林麗
19314,SOS
19315,KINO
19307,袴田俊英
19403,佐藤久男
19404,田中幸子
15826,園部貴一
17100,清瀬やえこ
19302,桜井淳美
19294,柳めぐみ
19286,江川卓
19287,西本聖
19288,有森裕子
20309,松野明美
19458,籾井洋太
19282,田原イサヲ
19283,山口正人
19281,澤田裕太郎
19280,藤宮綾
18731,青木伸仁
6978,梅澤嘉朗
19279,木村卓史
19455,児玉拓郎
19446,うえはらしょういちろう
19447,うえはらゆみこ
19449,伊藤しおり
19450,林洸理
19451,平野翔
19276,溝口まりも
14451,村上友梨
19448,Norman England
19273,片倉わき
19272,小林でび
8268,三坂知絵子
19271,来栖涼子
19268,鈴木琴乃
19269,佐藤美咲
6976,加賀賢三
10737,笠原美香
9554,梶原ひかり
19267,暮浩平
19261,ペ・スビン
10435,西島隆弘
6412,岩間天嗣
19250,三浦孝太
19251,ウマリ・ティラカラトナ
1745,海東健
19245,中野淳史
14234,亜矢乃
19246,赤沼夢羅
1541,永島敏行
5323,石丸謙二郎
19236,佐竹エドアルド
19237,鈴木ユリ
19238,佐藤アユミ・パウラ
19486,松村エドアルド
19487,オタビオ・カルピノ
19231,小林香織
19232,高良弥夢
12166,いとうたかお
19226,村田勘
19220,笹峯愛
18372,パク・ソヒ
19215,岡村喬生
19216,岡村和子
19217,二宮咲子
16861,ウド鈴木
19211,宮下今日子
19212,玉置成実
19200,大崎由希
19201,梅田絵理子
19195,佐藤睦
19183,高嶋政宏
8974,原田夏希
19176,ウチヤマユウジ
19171,川本直人
19172,岡部桃佳
19148,服部知
19149,久場雄太
19150,藤村聖子
19126,安藤聡海
19123,宝積有香
19124,宇賀神亮介
19125,よしのまり
19120,小早川弘江
19468,渋谷奈津子
19469,山田恵子
19113,青木十良
19114,森悠子
19115,堀江牧生
19409,宮城まり子
19108,池田成志
19102,KenKen
19097,中澤達也
19099,いっせい
19095,菅原佳子
3415,倉田保昭
54,塚本晋也
1126,石川梨華
19078,菊田大輔
18039,中澤裕子
3333,寺島咲
19075,松本望
19068,寿理菜
12953,相沢まき
5906,片山瞳
14606,つるの剛士
19028,梨乃
19029,牧野愛
19030,吉田俊大
8439,阿部力
4503,坂本真
19017,野田祥三
19018,桜井勝延
19424,若松丈太郎
13906,陣内孝則
19008,竜星　涼
11892,柳沢三千代
18995,松山鷹志
14672,須藤温子
18981,丸山忠吾
18982,丸山サチ子
18974,太田辰郎
18969,小籔千豊
2706,相武紗季
18961,相澤一成
18962,信國輝彦
16123,真木蔵人
3129,竹下景子
19383,松尾貴史
18937,ほっしゃん。
15977,虎牙光輝
18930,恒吉梨絵
18928,白石廿日
18921,木村一八
8158,金子賢
18914,椿隆之
12035,岡田理江
8116,小野真弓
6586,小嶺麗奈
16610,小田あさ美
18879,アジャ・コング
18880,藤岡英樹
20220,西岡常一
18845,浅居円
12580,琴乃
18846,長谷川ミク
17844,神田朱未
17973,塩山由佳
12575,鎌苅健太
5108,ちすん
18840,中村昌也
18814,若林正恭
18815,春日俊彰
18792,土肥いつき
18793,米沢泉美
18794,阿久澤麻理子
14487,今野浩喜（キングオブコメディ）
4258,田代さやか
13037,松下由樹
641,渡部篤郎
18742,キム・ガンウ
10116,穂花
18739,上山学
18734,田中京子
18735,末永武
18736,末永ムライ
18069,甲斐田裕子
18732,斎藤芳廣
16302,遠山貴弘
18725,山口紗弥加
18726,高木古都
18720,杉本博司
18721,安藤忠雄
18722,李禹煥
19395,浅田彰
18712,市井紗耶香
18713,アレックス・ルー
18714,大森絢音
18705,世戸さおり
18694,七咲楓花
18695,片山享
18691,澤木柚季江
18692,礒部泰宏
17030,扇田拓也
18688,加藤梓
18689,松井理子
18690,大坂のどか
13035,井上正大
18683,仲間リサ
16521,岸田タツヤ
4068,森田直幸
1082,藤木直人
18663,裕木奈江
18643,ヒガリノ
13258,山崎静代
5300,真矢みき
10454,武井証
10709,木村彩由実
18620,新田海統
18615,松原夏海（AKB48）
16427,横山ルリカ（アイドリング!!!）
18616,宮崎理奈（SUPER☆GiRLS）
18613,平嶋夏海
12931,吉村崇
18609,大地洋輔
18603,安達健太郎
14246,菊地あやか
18592,新井裕介
5958,岩田さゆり
18587,菅野麻由
7517,希志あいの
4353,近野成美
18574,辻本祐樹
19415,蕨野友也
8561,前田健
10512,長谷川潤
18532,徳山宰極
18577,中村恩恵
18578,小野寺修二
5109,清水崇
18493,石川貴雄
7961,小島可奈子
17910,猪原美代子
18338,鈴尾啓太
18491,名久井茉那
18494,五十嵐信次郎
18488,野中あんり
15281,川上洋一郎
18484,熊野晋也
18485,星野美穂
18486,新尾きり子
18481,早乙女バッハ
18482,眼鏡太郎
18483,沖田杏梨
18449,とっきー
7950,高田宏太郎
6866,木口亜矢
18450,小祝麻里亜
4417,河田義市
17739,澁谷武尊
2988,井川遥
18444,小山颯
18277,鄭 義
18278,高 行健
18279,王 丹
9469,眞田惠津子
9471,村上留美
18227,依田達哉
18410,基恵
18130,松下幸史
18131,藤原よしこ
18124,若月俊一
18119,澤田俊輔
18339,大島正華
8631,桃生亜希子
18117,ステファン・クロン
18111,片山陽加
18112,野呂佳代
18113,浅倉結希
17126,白石涼子
1247,忌野清志郎
18100,友田彩也香
17033,深澤友貴
18101,池永亜美
18096,真鍋拓
18097,瀬戸夏実
18084,ナスチャ・セリョギナ
18085,タチアナ・マルヘリ
18086,リュディミラ・シドルケヴィッチ
18078,平野茉莉子
18079,小林愛実
18080,駒形美如
18399,岩尾拓志
18076,佐伯めぐみ
18071,斉藤祥太
18072,飯田圭織
6113,山本博子
12345,上原多香子
18062,水上剣星
18055,山﨑佳之
18056,井上純一
12388,鳴嶋英雄
18043,神戸敏明
18044,鈴木誠三
17860,竹原慎二
18040,木之元亮
18036,佐藤美祐
18035,鈴木晋介
17957,鈴木愛理
18029,夏焼雅
18030,嗣永桃子
18013,木下柚花
12582,貴山侑哉
15482,大石貴之
18012,三輪泉月
2292,矢崎滋
18006,あべあゆみ
18007,設楽秀行
8415,鈴木邦男
2408,伊東四朗
18428,大久保瑠美
4767,三石琴乃
12874,山寺宏一
17989,小林不二也
17990,小沢映子
17991,細貝多津美
14566,佐武宇綺
17983,高見こころ
7546,松下美保
18137,市川亀治郎
17978,一十三十一
6865,馬場徹
17967,岡田真由香
17961,笠井しげ
8860,黒田耕平
18369,丸尾丸一郎
18370,川田希
18371,澤純子
1006,白井良明
3153,若松孝二
12678,成田愛
8720,柳下大
18366,高橋ジョージ
17948,坂本匡在
17949,宮重キヨ子
17950,沢田幸子
17947,板倉チヒロ
17934,明石家さんま
7280,新谷尚之
6217,西山洋市
6225,井川耕一郎
1402,万田邦敏
17930,浜田みちる
17931,芳士戸一成
18331,川島玄士
10145,山田達也
17927,伊藤まき
17928,西口浩一郎
17919,久保紫苑
17920,内藤瑛亮
17921,加藤綾佳
18403,川口陽一
17914,奥ノ矢佳奈
17915,田中洋之助
17916,河野純平
17913,佐藤奈美子
9363,藤井百代
15246,市沢真吾
17907,美輪玲華
10674,安藤匡史
10548,波多野桃子
18402,光田力哉
17902,高畑こと美
2826,鳥肌実
18458,初嶺麿代
18459,スティーヴ エトウ
8713,松田洋治
17898,守永真彩
4416,戸田昌宏
17892,瓜生美咲
17883,和田みさ
17884,小島彩乃
17881,夏奈
2774,英由佳
17877,大河内二三子
17878,鳥塚しづ子
17879,原田京子
7536,森下悠里
17869,比賀健二
2861,栗原瞳
17856,新倉壮朗
17857,ドゥドゥ・ンジャエ・ローズ
17858,ワガン・ンジャエ・ローズ
12726,鈴木常吉
17580,松山友紀
17581,森山りこ
17582,金野学武
18341,乃木太郎
18342,風民
17836,安田沙耶
18477,内藤大希
15853,藤本七海
17830,宮田大三
14240,日和佑貴
18334,伊藤星
17817,青山ハル
17812,中沢啓治
17805,加地等
17806,岡敬士
7758,大浦冬華
17802,松元惠
13301,細川茂樹
11765,井上順
17733,河原さぶ
17735,ふくまつみ
18423,清水章吾
17704,柴草玲
15424,千葉ペイトン
3187,西島千博
14364,汐見ゆかり
17695,田我流
9806,古原靖久
18196,砂田知昭
17686,髙嶋政宏
17677,明日待子
17678,中村公彦
10286,林由美香
17667,小栗冨美代
17724,幸将司
18298,桂ゆめ
17630,樫井笙人
2366,松岡由貴
17611,篠原まさのり
17604,山口尚美
17597,たかしまてつを
18379,宮脇友輔
17598,石原彩華
17565,大倉裕真
17572,稲増文
17557,鈴木まりや
17558,片岡明日香
16969,梅本静香
17559,後藤那奈
17550,田之上賢志
17552,岸田蓮矢
17553,小川啓太
17546,川島邦裕
15272,ロッシー
15265,河本準一
17538,尾島知佳
17539,野元愛
17540,山崎潤
17541,佐伯大地
17527,大塚ムネト
17530,立石義江
17531,杉山英美
17532,上田裕子
17510,水沢エレナ
17569,富澤たけし
3218,速水もこみち
8266,山田親太朗
17476,ISSA
18407,福本ジュディ幸子
18406,長浜之人（キャンキャン）
18310,磯部勉
17463,スパリゾートハワイアンズ・ダンシングチーム
17774,ひぐち君（髭男爵）
17775,山田ルイ５３世（髭男爵）
17379,大野智
2208,松岡昌宏
5321,川島海荷
7922,チェ・ホンマン
17401,ぎたろー
8229,東山紀之
17017,ギンティ小林
17018,田野辺尚人
17019,市川力夫
5578,蜷川みほ
15435,波岡一喜
425,柏原収史
17141,土平ドンペイ
17277,柊瑠美
17137,もも
10430,西本竜樹
17138,吉田裕貴
17134,山田浩
17135,清水大敬
17118,辰巳ゆい
17119,ラブシングル中田
17117,西野翔
17107,上鶴徹
6521,高橋真由美
17097,荒井萌
8097,仲村みう
13992,坂田梨香子
9824,水沢奈子
17200,はるな愛
13222,壇れい
17080,栗林里莉
17081,津田篤
17082,森山さちか
2322,田中敦子
17069,月城まおら
17070,山形育弘
17071,瀬木俊
17062,朴ロ美
17054,長谷川力雄
17055,椎葉クニ子
17056,小林亀清
17266,杉本充
17267,河合和香
17268,井村健人
17269,大浦栄二
17270,中山きくの
14058,川井郁子
17049,ファルフ・ルジマトフ
17050,高田みどり
17044,May'n
17036,飛松陽菜
6161,中達也
17029,江川美奈子
17026,津嘉山正種
17023,最上嗣生
17014,宮沢マキ
17016,横山真弓
17010,小澤真貴子
17011,尾川止則
18142,五十嵐さゆり
15589,松本圭未
17005,徳田 憲太
17006,関口陽子
17007,辰巳 力太
13700,親里嘉次
18154,山野彩
16997,原ノ祐子
9192,野口雄也
18151,板倉　漱春
18152,円藤さや
16988,史可
16989,小川尊
16990,宮脇ヤン
16979,野中はな
16980,郷田芽瑠
16981,杉木隆幸
18146,越中亜希
15549,辰寿広美
16976,時光陸
16967,大場はるか
16968,普天間みさき
16962,山口彊
16963,山崎年子
16964,ジェームズ・キャメロン
3365,高部あい
13091,玄覺悠子
10698,島守杏介
1567,佐藤貴広
16950,太田順子
16801,桝木亜子
2115,三村恭代
18239,三上雪子
18240,三上雅弘
18241,三上佳寿子
16931,中村啓子
17286,澤井余志郎
17287,野田之一
16924,松居直美
16925,磯野貴理
662,森尾由美
13789,佐久間麻由
16877,上村聡
16920,田中里枝
16915,宮本一粋
17208,野見隆明
16906,熊田聖亜
1111,りょう
13368,小野孝弘
16903,三村純子
16893,真司郎（AAA)
16889,吉井一肇
16498,いしだあゆみ
16883,大野松雄
16884,竹内一喜
12202,あんじ
17255,町田水城
17257,杉浦千鶴子
1916,森田彩華
10314,草刈麻有
16863,新井美穂
15971,高木公介
16826,よこえとも子
16850,月野みゆう
17338,尾家キミ
16852,恵美
17339,すずきゆか
16841,アクラム・テラーウィ
16842,ラナ・ズレイク
16843,ミハ・ヤナイ
17240,ダン・トーレン
15699,安亜希子
17238,標永久
15214,土方くるみ
12050,円城寺あや
16831,小林香菜
8096,有末麻祐子
14592,石川浩司
16827,薄井伸一
16825,石川誠
14025,児玉絹世
17276,KG(Song Riders)
3973,柴田理恵
7017,羽田美智子
1369,トミーズ雅
15737,笑福亭松之助
4855,手塚理美
10306,大後寿々花
16780,高橋龍輝
9812,碓井将大
13277,伴大介
16775,桜井昌司
16776,杉山卓男
3580,高田純次
16764,麗奈
7543,永瀬麻帆
16752,柳家わさび
16748,倉地久美夫
10602,菊地成孔
16749,外山明
16744,角田大龍
16745,小山大僑
16746,大久保弘順
18472,荒川大愚
16276,ナオミ・グレース
16278,国分佐智子
13312,遠藤綾
16721,熊倉功
16722,丸山優子
16723,坂田鉄平
16717,川村悠椰
16718,前田聖来
16719,田村真紀
16714,安田蓮
16715,郡司大輝
16710,鈴木耕司
16711,船越真美子
4536,村上弘明
6742,市川笑也
17318,中条きよし
18469,池上リョヲマ
4678,栗田正寛
16691,木本順子
16692,加藤千果
17334,ショーン・マクゴーウァン
17335,ダニエル・ボールドウィン
17285,戸塚宏
16672,bloodthirsty butchers
16670,松本保典
13132,高木渉
16663,あんり
16664,藤沢大悟
8981,草野イニ
2881,村上純
2497,香椎由宇
13765,高岡蒼甫
16658,大垣知哉
16659,阿部百合子
16653,神田うの
3031,国広富之
13909,桐島里菜
16652,南有貴
16638,上原宗司
16639,儀間盛真
16635,中村美玲
13049,郷田ほづみ
16631,富田耕生
13584,千葉繁
16621,入矢麻衣
16627,崔光雄
16622,立野敏昭
16623,植島寶照
16624,山田耕健
16625,李明勲
16626,芦澤七郎
9810,片岡信和
17573,Rio
9990,秋本奈緒美
16594,加藤めぐみ
16595,佐藤博行
16596,前川桃子
16581,土師野隆之介
16562,ルイジ・ボニーノ
16549,陰山泰
16534,瑞宝太鼓
16492,きくやわさお
16463,ちあきしん
16464,中山昇
16465,林アキラ
16466,佐山陽規
16440,山﨑賢人
1325,利重剛
16426,西島永悟（エリートヤンキー）
16421,遠藤舞
10590,外岡えりか
16422,井上直美
15905,岸部一徳
12657,大川透
16400,森口瑤子
17391,尾上菊五郎
9571,片岡仁左衛門
17392,坂田藤十郎
8639,中村芝翫
17394,中村富十郎
17395,中村梅玉
8636,坂東玉三郎
13504,大原めぐみ
16383,神聖かまってちゃん
6964,岡本奈月
16371,ピュ～ぴる
16365,代々木忠
16366,槇村さとる
7446,和田秀樹
16367,藤本由香里
16368,加藤鷹
11864,愛染恭子
2373,高橋がなり
16351,杉浦太雄
4368,五十嵐隼士
16335,前田航基
16336,前田旺志郎
16325,相葉香凛
13056,田辺愛美
16318,高木珠里
16320,片方一予
16315,川崎麻里子
16303,青木伸也
16321,植竹直人
16309,漆原充
16310,小林翔
16304,大塚貴彦
17359,堀内敬子
17364,小倉智昭
16211,柄本祐
3372,塚地武雅（ドランクドラゴン）
16275,川久保拓司
16277,ハニー・ローレン
17301,IMARU
9555,ちはる
16253,横山美雪
6409,二宮敦
2040,伊武雅刀
16246,奥田いろは
16247,片山けい
16248,上原奈美
16198,竹内泰人
16190,観世清和
16171,五辻真吾
10717,町田マリー
16155,こみずとうた
16157,明川哲也
16159,西川のりお
16160,田中茜乃介
16148,水口早香
16149,澤田栄一
12272,水沢史絵
12326,沖佳苗
14677,滝口ミラ
14673,東貴博
15524,リカヤ・スプナー
15072,大原さやか
15073,島田 敏
14665,野島裕史
3155,友川カズキ
14659,及位鋭門
15757,大関直樹
15758,生悦住英夫
15759,加藤正人
15760,福島泰樹
15761,石塚俊明
15762,永畑雅人
15020,荒川修作
16015,安井義博
16016,橋本直樹
16017,丹下眞也
16116,阿部洋介
14646,学生医療支援NGO-GRAPHIS-
15780,平田弥里
15783,深華
15782,北岡龍貴
15781,ダニエル・アギラール・グティエレス
15784,なべやかん
16011,木村三浩
16012,ヴォイスラヴ・シェシェリ
16013,ボイスラブ・コシュトニツァ
16032,雨宮処凛
16033,見沢知廉
16034,西部邁
12370,石井モタコ
14884,野口雄介
4708,堀田直蔵
14885,秦浩司
14886,清水佐絵
14887,禱キララ
2377,テリー伊藤
15419,宮脇詩音
15420,稲森寿世
14892,上川原睦
14893,小林歩祐樹
9912,ほたる
12637,阿久沢麗加
14898,富岡英里子
15107,初音みのり
8632,田村泰二郎
14619,立花美優
14614,MINJI
15540,渡辺貞夫
5541,渡辺久美子
925,折笠冨美子
9884,阪口大助
15963,柴山俊之
15964,坂田紳一
15965,奈良敏博
15967,水戸華之介
15968,ジャガー・イケミ
14601,世界のナベアツ
2782,松本莉緒
15406,螢雪次朗
11776,中村橋之助
15952,秦秀明
4374,松尾敏伸
15437,内山信二
4520,トータス松本
15465,須藤晃
15774,小林俊
15775,玲奈
15944,松木里菜
14593,滝本晃司
14594,知久寿焼
321,たま
15335,echo-U-nite
4863,パスカルズ
15336,ホルモン鉄道
15330,新垣里沙
15331,中島早貴
15326,田辺真理
15327,岩谷美咲
15328,阿部能丸
15323,高木紗友希
15318,伊達あい
15320,世良優樹
15313,水野真典
15322,川村武
15343,永山裕子
15624,吉岡由美子
15625,若松萌野
14583,岩名雅記
15474,山田まりや
15938,上野アキラ
15939,ラ・タカシーノ
15940,市川まどか
15078,坂井真紀
15611,西島隆弘（AAA）
14567,佐藤さくら
15333,川口貴弘
15315,春菜はな
15316,ヒロシ
15317,吉田大蔵
15302,島田陽子
15304,加賀美早紀
15305,鈴木智絵
15306,山内としお
15301,晶エリー
6223,奈良坂篤
15299,井手規愛
5097,洞口依子
16003,石田英範
16004,坂出雅海
15479,朝倉摂
15480,池田龍雄
6787,神谷健太
14546,松田ゆうな
6791,津波信二
15414,吉谷彩子
15623,梅澤悠
8195,吉川まりあ
15990,下石奈緒美
8688,高橋優太
15278,白井みなみ
15286,相川由季
15287,林下友昭
15283,杉崎歩美
15284,鈴木拓也
15285,茅野雅生
15280,藤代さや
15282,佐伯奈々
15277,春野さくら
15279,豊川智大
14535,小向美奈子
14523,工藤綾乃
13359,今井由香
14518,金田アキ
12022,武蔵拳
15792,木場勝己
15794,キムラ緑子
15795,湯浅卓
15796,中村伊知哉
16025,青島健太
16026,山本益博
16027,松平定知
16006,富野由悠季
16028,林望
16029,鳥越俊太郎
16030,立川らく朝
6925,島田雅彦
16031,田原総一朗
8495,市川森一
14538,江川達也
15485,齋藤ヤスカ
15471,小野田嘉幹
15472,瀬川昌治
15473,宮川一郎
16020,西村仁志
16023,井内菜摘
16024,吉塚拓哉
16040,中村愛
16038,玉置稔
16039,原尚子
13880,金田哲
15258,黒沢かずこ
15259,渋江譲二
15260,光浦靖子
15748,大久保佳代子
15749,椿鬼奴
15807,浅見小四郎
16056,大塚良重
14490,安田登
14491,大倉正之助
15094,糸数繁
15882,土肥ぐにゃり
15883,金崎敬江
15884,川屋せっちん
15885,MIKIE
15879,渡辺敬彦
15878,吉森展土
15880,荒木海香
15866,飴屋法水
15867,井上弘久
15044,大竹まこと
15049,風子
15039,斉木しげる
15590,小野了
15434,原南海子
15428,佐藤玲子
6108,渡部遼介
15584,志賀廣太郎
15463,鳥居恵子
14476,岡田可愛
7613,井上芳雄
14470,チチ松村
15454,アンドルー・ワイル
15455,高野孝子
15456,グレッグ・レモン
14005,片平なぎさ
15449,吉田智美
4035,弓削智久
15555,戦災傷害者17人
1200,ARATA
15770,李桂先
15769,新屋英子
8615,北山ひろし
15385,北風寿則
15377,中澤聖子
15378,笹木重人
6359,伊藤久美子
15368,長野賢
15370,佐伯恵
15372,津川苑葉
15717,沼倉正彰
15613,東谷英人
15614,ゆにこ
15615,神無月ひろ
15852,苧坂淳
15854,長綾美
6498,デカルコ・マリィ
15855,絵沢萠子
15927,ユセフ・ワエル
15928,マット・レイワード
14436,八名信夫
15638,高橋直樹
7104,千本松喜兵衛
15751,祝島のみなさま
15978,永倉大輔
15974,豊川めい
15570,中田祐矢
15571,半田紗代
15572,吉田剛
15155,アントニオ猪木
14713,林凌雅
1757,坂井真紀
14419,キム・ミンジュン
14420,ソ・ドヨン
14421,キム・プルン
15365,まりか
15366,櫻井ゆうこ
15348,オーウェン・ティール
15022,安元洋貴
14410,上杉奈央
14408,宇井晴雄
9060,土田愛恵
14409,札内幸太
15548,阪本智子
15550,堀川重人
15551,松本麻希
15552,南勝
15815,音遊びの会
15816,石村真紀
15817,江崎將史
245,大友良英
15818,片岡祐介
15819,千野秀一
15820,林加奈
15821,森本アリ
14903,小谷泰典
14901,小谷忠典
16112,片桐仁
320,末永遥
12133,堀ちえみ
16106,岩崎征実
16107,屋良有作
15846,真野きりな
15847,村瀬貴洋
696,井筒和幸
14383,DIR EN GREY
15685,ダワースレン
15686,ダワージャブ
15687,ザヤー
15688,センゲドルジ
14949,金倉浩裕
14951,今村祈履
15911,森崎元太
14954,染井ひでき
14955,英昭彦
15241,黒沢年雄
15242,三原じゅん子
10644,大浦龍宇一
1282,小野坂昌也
14369,速水奨
14365,英玲奈
7937,宮崎香蓮
8783,三輪明日美
14343,三上真史
15545,渡部駿太
15547,勝俣幸子
14333,近衛はな
5597,前田倫良
14327,池上季実子
10055,中西良太
2921,高橋ひとみ
16101,島田順司
15703,磯尚太郎
15405,芦沢那菜
15392,松坂南
15393,平岩輝海
15442,増山麗奈
15444,坂口寛敏
15445,加藤好弘
15446,川田龍平
15443,志葉玲
14906,パブロ・パレデス
15512,ダレル・アンダーソン
15513,シンディ･シーハン
15514,アレン･ネルソン
15515,アーレン・ワタダ
15225,伊勢みはと
14931,有馬えりか
15218,大木三郎
15219,江藤亜耶
15222,斉木里絵
15223,福井弘一
15224,佐藤真衣
15220,白州本樹
15221,内田晴子
15215,浦井なお
14934,井川祐輔
15507,三浦悠
15504,渡辺大輔
16090,野村修一
16086,牧野鏡子
10067,板倉善之
16081,神谷彩乃
16082,瀧口修平
16076,樋口史
16077,上馬場健弘
16078,半田さち子
16075,金谷有理
15970,森崎さあや
15955,小野ゆり子
3427,ともさと衣
15945,滝澤史
15942,石黒淳士
15943,西村公一
15106,鎌田奈津美
14301,阿部亮平
8975,カンニング竹山
13300,島谷ひとみ
8152,永倉大輔
6224,諏訪太朗
15843,三枝実央
15844,友田真希
12610,畑中智行
15838,坂田雅彦
4572,藤井かほり
15827,緒方美穂
15828,宮下ともみ
9518,木村圭作
15829,島田岳
15918,森陽太
9989,福永マリカ
14384,吉田栄作
14281,五十嵐裕美
14275,甲本雅裕
14276,宮尾俊太郎
15023,加藤将之
15076,秋元唯
15012,鈴木早智子
15013,津田英佑
15743,白鳥由里
15744,井浦愛
15745,青山桐子
15746,松来未祐
15747,太田哲治
2719,馬渕晴子
14910,加藤忍
14916,比留間由哲
15193,小笠原町子
5775,乾貴美子
15194,阿知波悟美
15195,小野貴琉
15196,小野駿希
15197,上野楓恋
2717,紺野美沙子
15198,米倉斉加年
15004,虎南有香
8552,荒木宏文
14247,仲川遙香
14243,宇野実彩子
14244,江波戸ミロ
11977,大河元気
13907,谷澤恵里香
14242,広田レオナ
11762,加護亜依
14241,東條鉄
14238,折原みか
14239,内田ゆか
14233,柳浩太郎
15726,田村淳（ロンドンブーツ1号2号）
14221,佳村さちか
14214,板東英二
12005,叶恭子
14731,叶美香
3470,坂東三津五郎
7308,スネオヘアー
14026,藤渕安生
14027,細川鉄平
14028,武井桂子
14118,高橋知宏
14119,池内大輔
14120,石井英寿
14121,伊藤英樹
13974,田中直樹（ココリコ）
14018,大橋のぞみ
8718,斎藤洋介
14188,影山ヒロノブ
9747,橋本じゅん
9013,高田聖子
6486,山内圭哉
14796,山本 亨
14797,千葉哲也
9568,佐藤寛子
1759,井上晴美
9526,鈴木かすみ
13980,山田ルイ53世
13981,ひぐち君
13977,松岡充
13963,さくらまや
2877,川本淳市
13958,桜井ふみ
13036,戸谷公人
9815,杉本有美
13949,呂美
3762,岩崎高広
14777,珠几
7107,川野弘毅
14762,森本73子
13945,近藤綾乃
779,伊藤寛
13946,野口亮太郎
2960,タモト清嵐
3904,加藤ローサ
13941,夕輝壽太
10212,赤堀雅秋
8655,仙台エリ
13932,尾上松緑
4390,尾上菊之助
13926,ジョナサン・シェア
2915,手越祐也
14847,竹嶋康成
14835,綱島郷太郎
14836,西方凌
14837,樋浦勉
14824,黒木辰哉
14825,有福正志
14826,日野陽仁
3862,小桜エツ子
3863,中田譲治
14827,金橋良樹
13741,遠藤雅
13905,米倉涼子
12649,相葉弘樹
14167,宇都宮雅代
14128,白井晃
15689,東地宏樹
15697,金田哲
14877,高田延彦
14871,松下優也
14872,西井幸人
14873,佐伯大輔
13869,ぼんちおさむ
15736,オール巨人
13868,赤西仁
13864,久保田将至
7439,佃井皆美
13851,石橋貴明
13853,DJ OZMA
448,小山田サユリ
13845,三村マサカズ
13846,大竹一樹
9341,白石美帆
1866,古手川祐子
8793,青山倫子
13833,エミリー・モーティマー
14088,クリスティーナ・ヘンドリックス
13829,吉村正
13830,吉村医院に関わる人々
13823,設楽統 （バナナマン）
9142,螢雪次朗
14736,村上航
2666,大塚ちひろ
15541,近藤里沙
14104,熊谷真実
13813,益岡徹
2509,我修院達也
14107,山崎ハコ
2420,榎木孝明
13013,坂上忍
12344,石黒賢
13788,安井紀絵
14684,絵沢萠子
13783,アレックス・ハウス
13784,タチアナ・マズラニー
13785,デイヴィッド・レンドル
13782,冨澤風斗
11760,南明奈
14092,粕谷佳五
14093,増田恵美
13771,生月歩花
13772,鵜澤正太郎
13192,松元環季
14857,吉永拓斗
13766,小野恵令奈
15015,北村総一朗
2206,萩原聖人
13760,葉月里緒奈
10389,海老瀬はな
13756,USA
13757,田中壮太郎
10138,原田賢人
12947,大滝秀治
14124,相原綺羅
15091,大川卓也
15092,瀧本信吉
15093,石井英寿
14055,YOU
14051,加藤康起
15862,近藤洋一（サンボマスター）
4183,チェン・ボーリン
13719,トン・ヤオ
13720,トニー・ヤン
15081,モー・ズーイー
15083,ジャネル・ツァイ
7288,ブラザートム
1579,YOU
13710,イポリット・ジラルド
13711,ノエ・サンピ
13712,アリエル・ムーテル
15143,ツユ
15144,マリリーヌ・カント
5090,沖島勲
13708,石山友美
13699,伊藤壽子
13701,高田若葉
13702,川村宏正
13685,ダニエル・イノウエ（現米国上院議員）
11987,ジョージ・タケイ
13686,スティーヴ・シミズ
13687,ネルソン・アカギ
13688,ローソン・サカイ
13673,新恵みどり
13674,結
13670,川井武
13677,垣原和成
13678,シトミマモル
3556,於保佐代子
13657,柳生みゆ
13658,滝沢涼子
13659,さくまひろし
13650,オノエリコ
13651,兵藤公美
9774,松岡洋子
13583,田の中勇
2235,日高のり子
13444,松野太紀
13577,野田順子
13572,松井菜桜子
13573,菊池正美
13386,福津屋兼蔵
4291,平沢里菜子
13388,笠木泉
6643,夏生さち
13370,谷更紗
4970,小田篤
13371,渡辺美穂子
7266,宮川ひろみ
13364,伊東みやこ
13365,松本さち
13366,後藤沙緒里
13360,中島沙樹
13613,小林恵美
13420,楊足妹
13421,塔立國普家儒漾
13422,陳清香
13423,蕭錦文
13424,宋定國
13630,玉川紗己子
13271,hizuki
13272,大工哲弘
13273,ミネハハ
13426,ミヤギマモル
8976,中別府葵
10130,長澤つぐみ
13296,斉藤暁
13448,稲垣潤一
2929,段田安則
13224,高嶋政伸
13595,中林大樹
990,林泰文
3723,野際陽子
9870,品川祐
308,前田愛
13072,BRIGHT EYES
13134,水島大宙
13135,安藤瞳
13469,大塚周夫
13043,矢沢永吉
1207,木村大作
2610,寺尾聰
8930,酒井美紀
13168,山谷初男
217,観月ありさ
8584,沢木ルカ
13153,渡瀬恒彦
13163,山本ひかる
9813,海老澤健次
13023,須藤謙太朗
13018,山田悠介
13016,藤川のぞみ
13017,安田慎吾
13003,ユダ・シャウール
13004,アビハイ・シャロン
13005,ドタン・グリーンバルグ
13140,ノアム・ハユット
13141,南野陽子
12986,與真司郎(AAA)
11734,小松和重
8719,綾田俊樹
12824,菅原永二
12814,月船さらら
12815,落合恭子
13616,泉原豊
12805,ジジ・ぶぅ
12799,アナンダ・ジェイコブズ
12792,大友陸
12782,Larry BERRY aka Larry the Clown
12783,Karin BERRY
12784,アンウォー・フィル・バートン
12773,村永奈緒
12774,村田牧子
12775,黒瀬佳絵
12768,長田涼子
12769,永野真希子
12763,山木美香
12765,masa
12761,佐藤初
8510,スズキジュンペイ
12762,細谷理紗
12756,bamboo
12757,チエ・カジウラ
12758,金子博
6957,ホリケン。
12753,長谷川征司
12738,鈴木真理子
12751,永澤杏奈
12747,河村康平
12744,愛葉るび
12745,岩下寛
12746,高木花乃子
6219,松蔭浩之
12740,近藤奈保妃
12741,及川聡
12736,MIKA
12730,安達亜希
12731,佐久間孝子
12707,濱口憲嗣
12724,夕沈
12725,沢木智美
12717,清水まりあ
12718,まちゃまちゃ
12719,秋山豊
12708,清水圭
12709,ミラグロス・久我
12710,加川恭太朗
12701,大島理恵
12702,出口佳代
13479,大橋祐介
12693,岩波真理
12694,田村侑子
12695,小野哲史
13588,伊藤毅
13589,五十嵐祭旅
13590,神谷圭介
12687,石川美帆
12688,大谷尚子
12689,森山静香
13472,今泉恵美子
13473,梯瑞代
13474,小林栄滋
13475,高橋光宏
12684,多岐川華子
5498,山田健太
12674,井川あゆこ
12675,猪股俊明
12669,鈴木寅二啓之
12665,鈴木邦江
12670,鎌田東二
12663,矢吹シャルロッテ
12664,内山眞人
12658,中谷友保
12659,リーザ
12660,杉さやか
13391,要田禎子
11894,氷上恭子
12638,たなかがん
13174,本村聡
12631,片山勇
12632,ジ・アノニマス
12633,谷中敦
12963,GAMO
12964,田中知之
12965,熊谷和幸
12966,濱中三朗
12967,高原啓
12627,高合順代
6642,徳原晋一
12628,横沢美智香
12615,黒川智花
12616,西川浩幸
12617,大森美紀子
12611,岡内美喜子
12612,大内厚雄
12607,岡田達也
12608,温井摩耶
12609,岡田さつき
12603,紫吹淳
12604,湖月わたる
12605,彩輝なお
12597,渡邊安理
12598,土屋裕一
12599,細見大輔
12592,桑山紀彦
12581,うさぎつばさ
9777,進藤学
13467,兼崎健太郎
1498,伴杏里
12567,スザンヌ
12568,岡田亮輔
12954,スカイラー・アレクサンダー
12956,ケネス・ヒュージス
13606,張阿輝
13607,頼文章
12551,大谷賢治郎
12553,神山てんがい
13173,杵鞭麻衣
12540,ベイヤード
12541,大淵靖子
12537,海原ともこ
12538,海原やすよ
12539,竹若元博
12535,鈴木信二
12302,辻本一樹
10186,あいか
12533,矢部美希
12521,未来弥
13436,森谷里美
12509,新井達矢
12510,中所宜夫
12505,秦秀明
12507,今井雄一
12500,南秀治
12501,磯貝龍虎
12502,山口果歩
13398,天正彩
12495,John-Hoon
12496,キム・ドンウク
12487,純名りさ
12479,大王
12480,山田三稀
12481,水内義人
12466,木村有
12467,森川椋可
12461,上原歩
10733,相澤仁美
12949,保阪尚希
12456,木村延生
12917,福田花音
12918,中島マリ
12449,原田大二郎
12453,北村悠
12911,木村康雄
12912,土岐田麗子
12913,美馬怜子
12914,雪嶋なおき
12910,高山未帆
2037,原田龍二
12450,島崎和歌子
12906,勝野洋輔
12907,小笠原大史
12909,小谷野留奈
12440,竹馬靖具
12443,藤沢よしはる
12444,弁
12437,柳家小三治
12438,入船亭扇橋
12439,柳家三三
12887,桂米朝
12970,柳田龍馬
12971,大西節子
12412,佐藤潤
12972,ひろせ友紀
12973,丸山裕一
12407,浜田文子
12408,神楽さき
13531,辰巳佳太
13533,井上貴子
12400,瀧本富士子
9881,儀武ゆう子
12392,岩崎徹
12393,谷信子
12390,川本昭人
12371,DODDODO
12372,和田シンジ
10101,根本博成
10104,岡村洋一
10105,峰岸徹
12961,根谷美智子
9611,山崎樹範
10619,柴本幸
196,蔵下穂波
198,平良とみ
12352,水澤伸吾
12264,清水美沙
1407,松岡俊介
12331,中川亜紀子
12315,折山みゆ
12316,浦田麻緒
12299,水野大
12281,高木正勝
12284,田口晴香
13381,松平敬
12285,ヤドランカ
13382,熊澤洋子
13549,金子鉄心
13550,ヤマカミヒトミ
13551,OLAibi
13552,佐藤直子
3379,沢田穣治
12896,大谷能生
12276,DJスプーキー
12897,ヤン・シュヴァンクマイエル
4397,カヒミ・カリィ
8530,ジム・オルーク
1941,山本精一
12898,浜田真理子
12899,飯村隆彦
12263,ベン・ギロリ
12258,ダニー・グローバー
10009,乙黒えり
12248,長谷川等
12249,工藤佳子
12243,モードゥ・デュフ
12244,ンバイ・デュフ
12239,野村勇貴
12240,佐藤麻優
12241,加藤勝丕
13611,小川三代子
12102,チバユウスケ
12103,アベフトシ
12104,ウエノコウジ
12934,クハラカズユキ
12098,パッション屋良
12099,猫ひろし
13446,矢野マイケル
13447,春矢つばさ
12092,ミシェル・ドゥギー
12093,フランソワ・ヌーデルマン
12094,ブリュノ・クレマン
12083,森崎偏陸
12085,宇野亜喜良
12072,ジャック・マイヨール
12071,優木まおみ
12073,麻木久仁子
12074,マギボン
13495,YAMATO
12049,山田辰夫
11905,根本正勝
12036,高杉瑞穂
7048,加勢大周
12028,中村繁之
12021,江原シュウ
12010,マリア・コッキャレッラ・アリスメンディ
12011,ラファエッラ・パニーキ
12001,有吉弘行
12002,清宮佑美
11992,里見要次郎
11993,都若丸
11994,葵好太郎
11985,アーチー・ミヤタケ
11986,ダニエル・イノウエ
11976,河口舞華
11966,船戸崇史
11961,寺田のり子
13122,天使河原紫翠
11958,小林正樹
11959,阪根博
11949,瀧澤京香
11950,相田海斗
11951,阪脩
12905,辻凛太郎
3079,楳図かずお
11944,祖父江慎
11945,竹熊健太郎
8192,長野レイナ
12230,大家由祐子
11940,水嶋瑞希
11933,矢野顕子
11927,濱口優
9123,桜井幸子
7089,花くまゆうさく
280,切通理作
11910,片岡亀蔵
11907,松山タカシ
11903,谷口節
13193,小笠原亜里沙
13194,中原麻衣
11871,井村空美
11873,鈴木一真
11865,西条美咲
11866,大坂俊介
13408,福永ちな
4629,ディラン・クォ
11863,サム・リー
13410,ブルース・リャン
13411,エメ・ウォン
13412,夏目ナナ
13413,サイモン・ヤム
4357,伊藤裕子
13403,松嶋初音
11849,小泉麻耶
11840,加藤沙織
13485,9体のドール
360,SAYAKA
11825,高橋皖司
11826,秋山鐘一郎
11827,森岡尚子
553,UA
13145,千宗屋
13623,酒井日慈
13622,内田也哉子
11811,ムロツヨシ
12933,大堀こういち
11803,村上知子
12932,皆川猿時
4920,PANTA
11798,TOSHI
11799,菊池琢己
11787,川村陽介
2102,伊崎央登
11777,坂東彌十郎
8634,中村勘太郎
11775,桑島真里乃
4049,中島知子
13221,岩尾望
11767,兪玖林
2687,中村雅俊
3396,綾戸智絵
13130,宮川一朗太
11758,照屋政雄
11759,諸見里大介（ハム）
3962,中越典子
13131,郷里大輔
11748,佐伯佳奈杷
11749,奥真紀子
11750,岩元英理
11739,今奈良孝行
11738,森本訓央
4811,小林愛
11736,宮道佐和子
11737,岡光実和子
3639,つぐみ
10736,桐山瑠衣
8971,岩田ゆい
12183,木部香菜絵
12184,金子直史
12185,鼠先輩
10734,小池唯
12188,川口直哉
12189,野村大輔
12190,後藤公太
10727,鈴木千絵里
10728,清水ゆう子
8763,桜井まり
12193,椿鮒子
12194,二橋進
12195,団時朗
6408,鈴木茜
6410,次原かな
4323,下元史朗
12196,辰巳奈都子
10719,森谷勇太
12198,こばん
7498,紗奈
6989,加治木均
13106,玉井英棋
10713,内田亜希子
8134,竹花梓
13101,辻香緒里
265,三谷昇
10699,姉帯忠正
12978,菅原光樹
12981,藤一平
10689,植木美奈子
10690,大江麻美子
10691,梶本はるか
10683,Qちゃん（ハイキングウォーキング）
12200,岸本裕二
12201,伊藤哲哉
6477,阿久根裕子
13609,佐々木嘉子
10673,ＪＵＮ
4424,渡辺哲也
10665,田川律
10666,大塚まさじ
10667,吉村あみ子
2148,照英
10089,KOJI
1102,前田綾花
10635,ステファニー
10630,高橋龍騎
1673,藤田陽子
10616,上野龍成
13108,上野凌雅
13109,モモ・ゴッツ・サッタール
10604,川上未映子
10599,石垣昭子
10598,石垣金星
12216,紅露工房の人々
12217,祖納集落の人々
3821,イジリー岡田
10591,神威杏次
3822,なべやかん
10583,庄﨑隆志
10584,今井絵理子
10585,福嶋一生
10574,あんべあつし
10569,中込佐知子
8784,野村恵里
10561,中村織央
10562,武藤宏明
10563,藤田恵里沙
10556,KaoRi
10557,関口晃弘
6220,西山朱子
10552,西田薫
10553,吉田テツタ
10547,麻生絵里子
8594,広瀬斗史輝
10537,河村満里愛
10539,小田部千夏
10768,坂井勇
10769,中野弥一郎
10770,藤田松吉
10520,奥村知子
6073,渡辺一志
10521,工藤恭造
10506,ユンナ
10500,今森光彦
10494,野村たかし
4968,東美伽
10748,長内栄子
10749,長内敏子
10750,渥美二郎
10484,飯田進
3594,小林政広
5625,森迫永依
10467,太田光
12148,田中裕二
10462,三宅弘城
10463,諏訪雅
12129,中川晴樹
12130,辻修
118,草なぎ剛
12228,菅生隆之
2495,ぺ・ドゥナ
12927,丸山智己
12928,奈良木未羽
13440,「こらーる岡山」の皆さん
10437,澤屋敷純一
10432,岸田繁
10428,森谷文子
10429,今野早苗
6416,広岡和樹
10764,伽奈
5014,江守徹
10373,クリスチャン・ワイグア
10374,ルイス・ママーニ
10375,ファニー モスケス
12139,フランシスコ・グティエレス
10365,砂原由起子
10366,鯖吉
10367,山崎隆明
13514,藤木義勝
4113,深澤嵐
3054,中村靖日
10810,串田和美
10825,間寛平
3469,檀れい
10287,ユ・ジンソン
10288,入江浩治
10274,伊藤祐輝
12432,秋野太作
10211,竹下玲奈
10213,田中輝
10214,吉田翔
10215,松下航大
6336,清水由紀
10204,きだつよし
3972,佐藤藍子
2576,高城ツヨシ
10190,遠藤久仁子
10191,木元としひろ
2577,白石美樹
6199,小阪由佳
10183,大山貴世
7219,白鳥百合子
10184,山本早織
10185,多田瑞穂
10187,坂本りおん
10174,大口広司
10175,中村哲也
10176,今村浩継
10165,谷口賢志
8555,林未紀
10166,Erina
3546,川上とも子
7632,吉沢明歩
7514,今野梨乃
2540,中村英児
10134,仁科仁美
10136,織田美織
10137,嘉数一星
10139,中山弟吾朗
10140,小野晴子
10141,冨田翔
3117,仁科亜季子
3937,工藤里紗
10129,南まい
10131,上條公太郎
9624,けーすけ
10196,きくち英一
10115,島津健太郎
10117,西原信裕
10118,石川ゆうや
10087,池谷幸雄
10090,大西結花
10091,堀田眞三
10092,伊吹剛
2031,及川次雄
9567,吉野紗香
10082,岸本祐二
248,今宿麻美
8154,益子梨恵
10048,田中優樹
10050,森川涼
10051,高橋将仁
10052,上原敏郎
10053,鴻明
10054,掛田誠
10056,片桐竜次
10036,木野花
10037,緑友利恵
10022,西脇裕美
10023,家ノ上美春
10024,石原ユキオ
10025,季羽和喜
10026,入海洋一
10021,東井浩太郎
10028,岡本文子
9960,栗田雄司
9961,三瓶瑞貴
9963,三浦 美香
9965,篠森香那
9966,秋山雄太
9962,畠中慶彦
9968,笠原優紀
2114,桂亜沙美
9952,櫻井麻美
9954,吉田鼓
9955,しいなまお
9957,栗原美の里
9958,利倉大輔
9967,武野功雄
9969,江藤博利
9970,柳沢慎吾
9947,フロイラン・オロスコ
3094,高橋真唯
9868,永田彬
9869,今野浩喜
9871,千原せいじ
9931,和田正人
9882,柚木涼香
9883,矢口アサミ
8155,街田しおん
9309,亜希子
9849,横山涼
9850,村上連
9851,三又又三
9852,清水ミチコ
9853,設楽統
9855,小林きゃら
9825,野口五郎
5124,堀部圭亮
3618,サエコ
1851,平山あや
9771,小野寺昭
9759,溝手真喜子
9977,秋津ねを
9754,友利栄太郎
9677,鈴木亮介
9685,平田美智子
9686,中嶋しゅう
9687,増田英治
9646,朝倉みかん
9647,夢本エレナ
9648,乙姫愛佳
9649,佐藤幹雄
9650,千葉誠樹
9096,世志男
9911,神原青子
9913,廣瀬美伽
9914,丸山ゆうこ
9915,山野海
9916,西桜花
9674,潤
2917,ダンカン
9623,手島優
4562,三浦敦子
9618,松本実
9619,阿川竜一
9615,寉岡瑞希
595,榊英雄
6863,甲斐麻美
9612,籏谷力
9613,稲宮誠
9608,内ヶ崎ツトム
9597,真堂圭
8654,前田愛
9723,小橋達也
9595,浅野まゆみ
9724,石井康嗣
9596,笹沼晃
9590,アマラオ
9582,さくらの
9602,有村肯弥(Et in terra pax)
9603,小沢和史
9604,中野衣美
9605,アカナ
6920,竹藤佳世
9587,黒澤潤
9598,斎藤信
4275,大槻貴宏
9599,元田敬三
6919,西宮ゆき
9578,竹藤洋美
9583,竹藤磯義
9577,生方志乃ぶ
9549,福井裕佳梨
9552,檜山修之
9514,橋本紗和
9522,森山周一郎
4502,橋爪遼
4356,柳沢なな
9499,松澤傑
9501,岡太一
9488,ベアテ・シロタ・ゴードン
9489,アリーヌ・カラッソ
9933,アブドゥッラー・アブ・ラハマ
9934,マンスール・マンスール
9935,ムスタファ・サムハ
9936,ヤーリ
9937,ワジー
9938,B.J.
9939,シャイ・ポラック
9479,小谷建仁
6972,マメ山田
9467,守谷梨沙
9470,猪又太一
9472,鈴木宙太
9439,鎌地広行
9440,原田武明
9441,四天王寺紅
9148,雪村春樹
9414,赤坂小梅（小梅姐さん）
9401,鈴木瑠華
9402,小西悠加
9403,しほの涼
9458,芹沢直美
9459,西野さゆき
9460,ゆの
9461,ヨーコ
9462,若尾光
6987,黄金咲ちひろ
9357,外久保雄太
9358,今野友貴
9359,森下勇介
9360,石川美也子
9698,安裕祥
9699,安住淵
7101,品田竜輔
9329,浦田修子
9330,渋谷優
9331,今野由佳
9325,柏史恵
9362,内田雅樹
9255,紺野賢一
9227,鶴賀若狭掾
9228,西川古柳
9229,松井彬
9230,金子あい
9231,相沢まどか
9233,西川柳栄
9146,皆倉信和
9139,大城英司
9130,島津三一郎
9131,宮沢カヲル
9133,上間清
9135,伊波ベニータ・エイコ
9109,安藤彰則
9110,今野悠夫
9111,椎葉智
9100,結木彩加
9101,里見瑶子
9092,岡本芳一
9093,村上悠香里
9087,岩本光弘　
9095,市川はるひ
7475,かわさきひろゆき
9164,桜内結う
9165,冨川純一
9188,玉置太郎
9189,浜屋藍
9190,ヨウラマキ
9191,高橋郁恵
9193,石川道子
9194,前田華織
9195,松本高士
9085,平山良香
9071,郡山篤
9072,永田彩
9073,荒井晴香
9074,大木香
9068,キヨミジュン
7114,鈴木なつみ
9069,榊原順
9061,藤田直美
9062,森レイ子
9063,日下部拓哉
9064,小川大輝
9066,井上竜由
9067,西森教貴
9047,マーティン・シーン
7527,青田典子
9023,丹羽斐沙江
9020,萩原流行
9021,本山由美
1181,菅野よう子
9019,小林顕作
9015,鈴木晶子
9016,一条和矢
9006,高乃麗
9008,江戸家小猫
9180,坂本爽
828,佐藤佐吉
9035,仲田幸子
9036,仲田まさえ
9037,普久原明
9038,仲田安江
9039,仲田舞
9040,仲田鈴
9041,普久原男
9042,ナオキ屋
9043,具志明
9044,具志ひとみ
9045,具志梓
9030,比嘉洋子
9029,比嘉秀年
8861,佐野大樹
531,堀江慶
9147,濡木痴夢男
9149,有末剛
8752,安良城紅
8754,福本有希
8748,大村学
9421,77BOADRUM
9423,"V∞REDOMS,Hisham Akira Bharoocha、David Nuss、Brian Chippendale、Jaiko Suzuki、Andrew W.K、David Grubbs、and more"
8724,野久保直樹
8722,浅見千代子
8691,弥香
8692,鈴木じゅん
8721,川原真琴
8689,久保翔
8653,永野愛
8660,吉田里琴
8824,細田よしひこ
8825,山田幸伸
8826,高久ちぐさ
711,藤原啓冶
8554,真柴摩利
6478,鴨下佳昌
8614,山中茂樹
8620,中台あきお
8621,瑠川あつこ
8622,宮里亮
8623,石川麻衣
8609,澤山薫
8610,西野まり
6211,渡辺陽介
6479,いがらしちよ
8603,優恵
8340,浦井崇
8535,内海桂子
8395,南原清隆
9418,勝野雅奈恵
3233,五大路子
1588,藤谷美紀
6024,田丸麻紀
8294,宍戸 開
8383,草間彌生
8273,中村梨香
8274,中村美香
8275,平林鯛一
8276,瀬戸口剛
8277,小田豊
3255,鮎川誠
8188,青柳塁斗
8189,植原卓也
8190,柳澤貴彦
8206,広田勇二
8207,秋本みな子
8208,吉田朋弘
8209,井田安寿
8163,石川紗彩
8151,浅田好未
8153,伊佐山ひろ子
8157,宮本大誠
8191,長野せりな
8193,渡辺万美
8194,橘花梨
8914,吉武怜朗
8915,畠山彩奈
8916,松田聖子
8199,RED HOTS
8670,山口智子
8674,所ジョージ
8678,奈良柚莉愛
8679,土井洋輝
8084,ヴィック・チョウ
8085,ニン・チャン
8086,エリック・ツァン
8037,三浦由衣
8308,金城武
9208,キティ・チャン
9209,ティン・カイマン
9210,ラム・チーチョン
8225,斎藤嘉樹
7157,北条隆博
9821,山本匠馬
9823,堀内健
529,酒井法子
7721,柄本明
10010,橋本愛実
10012,中村知世
5817,蟹江一平
1045,椎名英姫
8317,FRICTION
8311,LIZARD
8323,MR. KITE
8319,MIRRORS
8322,THE PAIN
8320,S-KEN
8318,SPEED
8313,SS
8330,自殺
8312,8 1/2
8321,THE STRANGLERS
7886,藤田まこと
10236,ロバート・レッサー
10237,フレッド・マックィーン
8124,土生裕
8031,増淵南人
7881,小島悠介
8024,上東鷹介
7883,安斎先生
7884,梶川としき
7885,佐々木健介
8026,王丹戈
8030,篠原杏子
8027,布施晋
8028,西谷星来
7861,中野晃太
7862,岩崎正敬
8029,小嶋優希
8047,焼広怜美
8005,本多菊次朗
8006,川村りか
8008,吉田晋一
8010,野口かおる
8011,三島ゆたか
8012,山口オン
8013,加藤由子
8014,川田義宗
7897,野中裕樹
8019,大久保桂輔
7978,川口剛広
7976,刀袮平喬
7979,折茂宏一
7980,市川裕一
8774,秋山奈々
8795,鶴見唇吾
4087,山田麻衣子
7827,岡本健一
1576,北浦愛
8480,甘利はるな
1504,中村福助
8104,張壮
7653,多賀勝一
7654,並木橋靖子
9335,吉岡研治
9336,小谷加南子
8393,岡本竜汰
8428,塚田健太
8429,石津悠
8596,比嘉愛
8500,キム・レウォン
8582,紺谷みえこ
8583,長島優斗
8553,山崎育三郎
8558,璃乃亜
3712,載寧龍二
8570,井森美幸
8489,新田恵利
7698,西野亮廣（キングコング）
7676,ジーン・シモンズ
8895,由紀さおり
7921,蛯原友里
8904,グレゴワール・コラン
1435,堤真一
6414,末野卓磨
8764,薬師寺保栄
4010,川村亜紀
8766,わかな
8052,サチ・パーカー
8053,高橋真悠
7483,高岡政人
7484,さとうとしを
7554,山岡達也
7539,津田正広
7540,花木衣世
7541,森山花奈
7542,雨坪春菜
7544,彩川まい
7545,侑季
7547,種田ちえり
7548,OTAKU佐藤
7549,和田武
7551,酒井一圭
7552,松金洋子
8117,村中かずき
7489,シンスケ
7490,兼松若人
7525,高田健一
6413,吉川けんじ
6417,入江麻友子
6415,津田耕作
6047,中倉健太郎
7496,庄司哲郎
7497,きこうでんみさ
7499,岩永ひひ男
7501,佐藤ゆりな
7502,金田直
7503,野上正義
7504,藤タカシ
7518,持田茜
7519,逢原はるな
7513,佐山愛
7515,正田美里
7516,浅田なつき
2543,畠山寛
7631,竹内あい
7509,黒沢英里奈
7510,姫宮みちり
7511,白川ゆきな
7512,畠山寛
8417,グレートマエカワ
7091,村田卓実
8416,細谷麻美
8413,Chim↑Pom
8414,Chim↑Pom
8341,ナンシー
8338,吉行由実
8337,華沢レモン
7671,柳　憂怜
7791,柳裕美
679,須田邦裕
7822,中島陽典
9265,今野宏美
9266,難波圭一
7871,高田渡
6077,畑野ひろ子
8687,今村祈履
8715,マギー司郎
8684,市川男寅
8686,十日市秀悦
5231,阿部寛
7949,櫛山晃美
7970,ショーン・ユー
4827,魔裟斗
7971,フランシス・ン
7451,井上和香
7452,西川貴教
9279,スン・ホンレイ
9280,クーラン・チュラン
7577,Elaine Corbitt SMITH
7582,Steven ETO
7583,Jeremy MARGOLIS
7584,John DRUMMOND
7585,George JOSEPH
7586,Tony MONTANA
7563,長渕文音
8753,野村将希
5253,役所広司
9285,中川晃教
9287,杏子
9294,宮田和弥
9295,森純太
9293,寺岡呼人
9296,小林雅之
9299,マット・スマイリー
9301,リーソル・ウィルカーソン
9303,渡辺奈穂
7938,高橋賢人
6004,田中実
7963,安藤希
7964,星ようこ
8835,関谷理香
7965,重泉充香
8782,江本純子
8785,高野ゆらこ
8780,つるうちはな
8787,萩尾望都
10066,石田真人
10068,小池里奈
10070,戸田比呂子
10071,内堀義之
10072,神戸浩
10073,あじゃ
14905,小野さやか
7395,HAKO
1573,山崎裕
7390,任書剣
7381,鈴木志郎康
7383,鈴木麻理
7369,ダライラマ14世
7370,チベット亡命政府
7271,ジョエル・トレ
7272,キドラット・タヒミック
7273,ルイ・マナンサラ
7274,バナウエ・ミクラット
7144,石山拓男
7145,岸田健作
7088,小野ヤスシ
7151,森下絵理
7087,速水けんたろう
7284,大江千里
7285,ティアラ
7286,はねゆり
7287,篠原勝之
7289,Akeboshi
4354,髙木りな
6853,坂口良子
6854,金田龍之介
6775,真野圭一
6776,松浦健城
6778,円堂耕成
6779,川又学
6780,近松仁
6781,日高将之
6782,笠原竜司
6727,村上ひろし
6728,松之木天辺
6729,川島良耶
6730,堀江進司
6784,柴田惠
423,三上博史
2017,矢部太郎（からてか）
6830,山本美季
6831,陸寧娟
6832,堀内賢雄
6833,内海賢二
6988,松本亜璃沙
6644,小林裕吉
6645,大野慶太
6820,中江絵美
6822,桂雀三郎
6823,山下葉子
6496,中井正樹
6497,大西秋子
6499,坂平堅太
7051,水元秀二郎
6511,矢薙直樹
6512,真田アサミ
6513,麻上洋子
6514,鈴木菜穂子
6263,緑川光
6517,池田昌子
6518,肝付兼太
6691,水谷洋一
6692,水谷甲太郎
7059,直枝政広
7060,大田譲
7061,矢部浩志
1448,加藤晴彦
6834,狩野英孝
6835,CHEMI
7134,ふかわりょう
6388,清水ゆみ
6702,小林桂子
6703,Yasutaka
6704,ポン・ボー
6705,チャン・シャオホワ
5963,沢村純吉
6346,門脇みずほ
6347,三箇一稔
6348,左右田謙
7270,辛酸なめ子
6457,鈴木清順
6458,山口さよこ
6459,原田光
6460,千秋みつる
6461,万琳はるえ
6288,李太成
6289,マーキー
6290,金子貴俊
6255,小山菜美
6256,西原久美子
6258,野沢那智
6868,misono
6869,京唄子
1347,武田真治
6234,NorA
6469,望月麻衣
6715,中江友木子
4867,美元
6476,松本雅子
6467,竹内智大
6468,原川真治
6209,馬田幹子
6210,福田哲也
7120,門間健一
7121,九条麻美子
7122,Christy
7113,ボブ鈴木
7116,アオ(cnss)
7117,佐藤美奈
7118,帯谷有理
7110,大谷亮介
7111,足立学
7112,西藤尚
7105,宮地優
7106,伊堂寺和子
7181,七海遥
7170,藤崎卓也
7198,菜摘りお
7194,舛谷滋威
7195,菜摘りお
7197,水口健一
7199,鴻森久仁夫
7200,呉キリコ
7408,赤土万寿子
2739,派谷恵美
7190,パルコキノシタ
7187,紀伊修平
7171,押野大地
7184,中村裕美
7185,玉一敦也
7010,加藤裕人
6584,荻田修司
6585,今西彩
6170,田中好子
6138,エリカ・バロン
6139,高橋マリ子
6200,森本レオ
7316,猪瀬剛
7317,猪瀬泰生
6123,ラヴィ・シャンカール
6124,ケリー・ヨスト
6125,ロジャー・ペイン
6126,アヌーシュカ・シャンカール
7322,アルベルト・ペンサ
7323,スワラポーン・インディーガーム
6891,グレッグ・デイビス
6889,フィリップ・ジョーンズ=グリフィス
6892,グエン･ティー･ ゴットゥ･フォン博士
9705,星寛治
9706,渡部務
9707,渡部美佐子
9708,遠藤五一
6917,山岸達児
6918,西島英男
6912,石巻市の人々
6902,アーメット・カザンキラン他
6878,岩淵弘樹
7409,夏目大一郎
6520,礒村将友
7403,三浦影虎
7400,小沢まゆ
6522,土屋祐樹
6074,小倉一郎
6227,山崎和如
6228,清水健治
6229,山之内菜穂子
6541,田中康寛
6543,池田光咲
6544,掟ポルシェ
6545,石黒彩
6554,平山みな美
6553,伊藤峻太
6561,小泉優絵
6221,布川恵太
6212,李鐘浩
6214,藤崎ルキノ
4516,永井正子
6418,齋木亨子
6419,小林三四郎
7614,小松千春
6049,荒井美恵子
6050,小澤マリア
6051,中山和俊
6052,中洲和秀
6053,大規博之
6054,鶴田さやか
6994,小田有紗
2275,鍵本輝
6786,カッチャン
6788,ジョニー宜野湾
6789,桃原遥
6790,川満聡
6792,大城節子
6793,新良幸人
6662,アルベルト
6663,新城愛理
6665,アリカワコウヘイ！
6666,城間祐司
6667,上田真弓
6668,中山祐貴
6675,山城已南美
6648,吉田妙子
6649,与那国宙
6650,藤木勇人
6631,奈須重樹
6651,新名健二
6652,知花竜海
6653,新城美幸
6654,玉城博利
6908,伊藤かずえ
6447,霧島れいか
6448,我宮大凱
6449,松岡由樹
6450,榎亮太朗
3417,J.J. Sonny Chiba (千葉真一)
6187,北川弘美
6110,石井あす香
6141,鳥居しのぶ
6282,りみ
6285,西村正秀
6548,喜味こいし
6549,山口信人
6550,渥美英二
6551,磯部弘康
6163,鈴木ゆうじ
1832,千佳
1833,表ウララ
1834,多々納斉
7090,真利子哲也
7082,高橋まなみ
7083,吉川れみ
7075,井上聡
6954,西島未智
6955,フランソワーズ広田
6956,あいか瞬
10229,秋山菜津子
7246,アンディ・ラウ
7248,アン・ソンギ
7250,ワン・チーウェン
7251,ファン・ビンビン
6061,小崎さよ
5992,徳田じょ
6014,廣瀬司
6015,廣瀬ゆきえ
6016,廣瀬ハツヨ
5955,布施紀行
5957,小林麻央
6003,宝生舞
5709,小倉優子
6111,菊池勇輝
6112,菅谷藍子
5973,内田菜月
5964,青山華子
5965,吉武優
5966,朱蕾安
6109,泉忠司
5940,尾崎零
5934,沢口靖子
5946,奈良美智
5947,graf
6297,いとうあいこ
3088,緒川たまき
5987,趙珉和
5988,左時江
5989,安藤一夫
5990,檜よしえ
2299,KIKI
1381,江角マキコ
5644,中山祐一郎
5723,小松彩華
5762,東里翔斗
5763,山入端佳美
5181,喜多嶋舞
7222,和央ようか
536,伊東美咲
6709,進藤尚美 （声優）
6710,堀井真吾 （声優）
6713,今野宏美 （声優）
6714,柳井久代 （声優）
5499,鎗田晟裕
5531,土居幸子
5532,土居健一
5533,土居りえ子
5534,土居恭史郎
5553,鈴木亜美
5704,ひし美ゆり子
5707,安藤麻吹
5705,兵藤まこ
5436,中村俊介
5513,辻希美
5542,平松晶子
5577,ダニエル・ギリス
7231,福井未菜
5489,八戸亮
1857,徳重聡
2209,菊川怜
5562,松本人志
5254,今井美樹
5816,茂山千作
5810,金原ひとみ
5482,佐々木崇雄
5484,かたせ梨乃
5175,ヴィッキー・チャオ
1316,久野雅弘
1063,秋野暢子
5107,桂雀々
85,hitomi
7177,Sascha
7178,秀島史香
5126,TOZAWA
5127,石原良純
2241,大倉孝ニ
4396,菅野莉央
5051,林隆三
5057,佐々木愛
2820,瀬戸朝香
3945,阿藤快
5098,田村勇馬
5099,遠藤恵里奈
5122,うじきつよし
5123,中村梅之助
5783,鈴木理子
1979,新藤兼人
5861,田村圭生
4969,堀田佳世子
4974,弓井茉那
4975,成田里奈
4976,池渕智彦
4911,小野沢稔彦
4878,ヴァレリア・ブルーニ＝テデスキ
4879,ブリュノ・トデスキーニ
4880,ナタリー・ブトゥフ
4865,川越美和
5021,藤岡涼音
5022,ひさうちみちお
5213,東亜優
4925,大久保鷹
5694,河瀬宇乃
5695,光祈
551,河瀨直美
5686,うだしげき
4786,山内さゆり
4787,小泉純一郎
5594,山下徹大
5596,三浦アキフミ
5078,ひめゆり学徒の生存者22名
4777,佐々木麻緒
4991,唐十郎
4899,小沢真珠
4828,白田久子
4830,ホアン・シェンイー
4832,川島令美
4742,西山茉希
4748,近藤好美
4749,花村怜美
4750,尾上綾華
5178,小橋めぐみ
5179,保坂尚希
4841,大野慶人
4843,溝端俊夫
4845,ジョアン・ソレル
4700,住田雅清
4701,とりいまり
3095,アリス
3093,笠原織人
2388,遠山景織子
3092,中村有紗
3089,上野未来
4681,天明屋尚
4677,ビーバー藤森
4679,高寺裕司
3156,針生一郎
4655,重信メイ
4656,金芝河
4649,亀田幸典
4650,近藤等則
4634,鈴木えみ
4628,アニー・リウ
4630,レイス・ウォン
4603,村井美樹
4592,倉貫まりこ
4593,吉川綾乃
4594,大澤真一郎
4586,柴理恵
4587,近藤将人
4588,平敷慶吾
4589,及川仲
3701,三木俊一郎
4581,轟木一騎
1563,石井克人
4576,ジェイ・ウェスト
725,中島美嘉
4539,深緑夏代
4540,井波知子
4541,岡田麻衣子
4527,松本匠
4512,悠城早矢
4506,冨浦智嗣
4507,落合扶樹
4501,阪田瑞穂
4481,後藤直樹
4482,平原夕馨
4483,金本健吾
4456,水野智之
4427,西村大乗
4422,奥村和一
4403,山田花子
4369,黒部進
4363,大島渚
212,阪本順治
4344,マリアム・サイード
4345,ワディー・サイード
4346,ナジュラ・サイード
4337,中原昌也
4331,桃瀬えみる
4324,藍山みなみ
4310,若槻千夏
4290,向夏
4281,杉山彩乃
670,吉岡美穂
1555,佐藤直樹
4274,布川祐輔
4255,春山幹介
4256,紗綾[Sweet kiss]
2104,渋谷飛鳥
4250,小林翼
4241,吉川ひなの
4234,中平卓馬
4235,高良勉
4231,里中唯
4210,キタキマユ
4206,村松恭子
4174,竹内スグル
5031,実相寺昭雄
4171,手嶌葵
4160,エリローズ
4161,破李拳竜
4149,いずみよしはる
4153,一青妙
4147,アリス・ティクソン
4130,水橋貴己
4124,甲野善紀
4125,名越康文
4126,植松直哉
4061,池田晃信
4043,観世銕之丞
4029,吉増剛造
4030,島尾ミホ
4031,里英吉
3999,ニーナ
3978,松浦亜弥
3971,黒田勇樹
3963,岩瀬塔子
3944,桂春團治
3929,未向
3924,YUI
3915,吉祥寺怪人
1229,鈴木敏夫
3902,斉藤和義
3903,松田一沙
3896,緋田康人
3893,富岡涼
3884,沢井美優
3885,三浦葵
3877,東原亜希
3869,ジャン・グンソク
3832,山本まつ
3833,山本耕三
3834,山本美代子
3815,加藤靖久
3817,金濱夏世
1917,清水あすか
3800,剣太郎セガール
3770,鈴木達也
3763,TOMOMI
3756,大塚愛
3749,斉藤歩
3696,石坂ちなみ
3697,江川有未
3698,橋本真実
3684,杉浦花菜
3673,新城浪
3674,大田静男
3669,姜信子
3675,玉川美穂子
2620,松尾政寿
3650,石田未来
3631,齋藤隆成
3617,hiro
3567,山口翔悟
3568,阿井莉沙
3538,ブルーノ・ガンツ
3526,池畑慎之介
3512,与座嘉秋
3513,愛川ゆず季
3514,高杢禎彦
3503,岡本美沙
3507,小田壮史
3508,内田宏美
3493,カヴィ・ラズ
3494,クロエ・スナイダー
3486,杉山千佐子
3478,関野吉晴
3479,プージェー
3463,橋本麗香
3464,川村カオリ
3445,有村実樹
3438,イ・ワン
3431,小見山智意
3432,今中彩
3433,濱純一
3403,中村英司
3404,森本忠典
3405,水高陽子
3398,風見章子
1054,王力宏（ワン・リーホン）
3366,長谷部優
3367,上堂薗恭子
3354,秋桜子
3340,星井七瀬
3334,小野ひまわり
3321,藤本義和
3322,藤本哲生
401,岡本綾
584,森下千里
3310,大西麻恵
3311,藤田三保子
3305,山口あゆみ
3306,村田秋乃
3307,岡本富士太
3284,玉井夕海
3288,玉川スミ
3281,荒垣栄
3232,永登元次郎
3234,森日出夫
3210,藤沢恵麻
3202,岩田力
3194,安田美沙子
3195,後藤ゆきこ
3157,関えつ子
3149,長谷川ミヤエ
3150,加藤キミイ
3151,遠藤ミキ
3152,渡辺参治
3130,高橋泉
3119,宮澤美保
3120,梶原阿貴
3121,押尾学
3068,夏蓮
3069,登坂紘光
3048,日高六郎
3049,ノーム・チョムスキー
3029,山本集
3032,美木良介
3025,エディソン・チャン
3018,鳥栖奈穂子
3019,マチヲ
3020,那須野恵
3012,チャン・ツィイー
1943,藤井隆
3004,甲田益也子
3001,ふせえり
2995,守山玲愛
2973,吉野きみか
2964,小泉孝太郎
2961,野原瑠美
2947,匠ひびき
2948,原史奈
567,水野晴郎
560,西田和昭
2904,カン・サネ
2905,Marie
2895,ZEEBRA
2883,水上竜士
2884,森崎めぐみ
2850,中村麻美
1883,長塚圭史
2832,京野ことみ
2827,ユンソナ
2828,加賀まり子
2815,中村嘉葎雄
2781,しらたひさこ
2738,友井雄介
2729,黒田エミ
2708,のはら歩
5134,山下敦弘
2705,森口貴大
2672,堂本剛
2649,賀集利樹
2631,相田翔子
2632,南佳孝
2626,小林華弥子
2627,太田洋一郎
2628,浦田龍次
2602,吉本多香美
2556,辛淑玉
2557,倉田哲也
2558,河野美穂
2550,片岡京子
2542,佐々木ユメカ
2522,尾高杏奈
2516,ハディール・カデム
2517,ゴフラン・アリ
2508,ワタナベイビー
2505,吉村由美
2498,関根史織
2477,肥田舜太郎
2478,トム・ベイリー
2479,ラシャ・アッバース
2471,本田孝義
2472,門公子
2473,西野多喜夫
2458,舟越桂
2452,相沢紗世
2438,川端麻祐子
749,半田健人
1346,沢田研ニ
2415,佐田正樹
2416,大谷ノブヒコ
2389,大澄賢也
2380,橋本真也
2370,あしがらさん
2371,後藤浩二
2365,小杉十郎太
2354,マリナ・ゴルバハーリ
2355,モハマド・アリフ・ヘラーティ
2356,ゾベイダ・サハール
2346,小林明実
2336,西村修
2338,石田香奈
2327,西村美紅
2298,柄本奈美
2284,鈴木蘭々
2285,杏さゆり
228,谷内伸也
230,古屋敬多
2274,中土居宏宜
2268,翁華栄
1977,村石千春
2227,新井亜樹
2215,滝沢沙織
2216,井澤健
2204,ピーター・ムラン
2205,シェー・ウィガム
297,牧瀬里穂
2189,笛木優子
2179,高原知秀
2171,宮本充
2155,谷啓
2137,安田美香
2138,高野佳代子
2139,大國千緒奈
2135,村田将平
2121,向田久米蔵
2122,向田マサヨ
2123,奥畑充幸
2124,山代陽子
2112,水谷妃里
2103,酒井彩名
5787,菊池百合子
2093,昭和のいる・こいる
2079,ママディ・ケイタ
2080,金徳洙
2054,米田良
2056,桜井センリ
2045,美輪明宏
2038,田中美紀
2039,中山夢歩
2026,孫分玉
2027,金順女
2028,朴順伊
2006,池田勝
1995,上田晋也(くりぃむしちゅー)
1996,有田哲平(くりぃむしちゅー)
1989,藤川俊生
1990,吉井亜希子
1904,木村文
1985,竹内ゆう紀
1969,菅谷梨沙子
1942,今田耕司
1945,中條健一
1946,前田沙耶香
1924,木村了
1662,松田悟志
1826,石川美津穂
1053,HYDE
1784,チューヤン
1760,上条誠
1637,曽根英樹
1726,坂口憲二
1727,堺正章
1703,谺雄二
1704,鈴木時治
1705,浅井あい
1687,吉村美紀
1691,藤井尚之
1692,山本康平
1672,榎本加奈子
1663,大谷允保
1664,吉岡毅志
1658,熊谷秀夫
1612,橋本晃一
1614,堀秀行
1615,幡恵子
1594,あしかがあや
1595,まんたのりお
1596,なにわ天閣
1577,木村飛影
1578,清水萌々子
1566,坂野真弥
1510,上間宗男
1486,辺見えみり
1428,キム・ガプス
1405,森口瑶子
1375,清水美砂
1376,遠野凪子
1354,久野真紀子
1317,櫻谷由貴花
1309,唯野未歩子
1281,飯塚昭三
1277,チェ・ミンス
1216,河村隆一
424,とよた真帆
1182,小川眞由美
1127,藤本美貴
1128,渡辺えり子
1101,沢木哲
1096,三宅健
1070,ベアトリス・ダル
1071,町田康
1072,馬野裕朗
1046,川岡大次郎
1040,佐藤重幸
1031,畑山隆則
1032,ソン・ソンミ
1013,一ノ瀬信子
1014,井川一久
1015,赤津孝夫
999,菅野美寿紀
1000,宮前希依
1001,きいちめぐみ
381,黒沢清
988,忍足亜希子
989,アフィファ
973,大西滝次郎
961,佐藤孟江
962,佐藤浩六
963,劉広偉
952,上原知子
951,照屋林賢
953,りんけんバンド
926,緒方堅一
912,国本武春
907,魚谷佳苗
902,加藤大治郎
892,成田剣
881,松本零士
850,小田エリカ
843,何海霞(フー・ハイシア)
844,王露成(ワン・ルーチョン)
845,黄玉嶺(ホアン・ユーリン)
831,マイケル・フーコン
832,ジェームズ・フーコン
833,バーバラ・フーコン
791,一色紗英
774,柳生美結
775,ファルボー・アフマジュー
776,レザ・キアニアン
757,真那胡敬二
751,泉政行
726,矢沢心
717,太田哲也
719,太田篤子
678,高瀬アラタ
680,竹谷佳織
650,岡元夕起子
651,河本賢二
642,徐静蕾(シュー・ジンレイ)
643,董潔(ドン・ジエ)
631,大楠道代
620,古屋暢一
575,李復明
576,塚本晋
577,和田真幸
554,福永幸平
555,兵頭祐香
547,ナシモトタオ
530,新山千春
494,白百合クラブ
495,THE BOOM
496,平安隆
460,イアン・グレン
464,葉月里緒菜
466,ウーリッヒ・ミューエ
400,梅垣義明
372,大山のぶ代
373,小原乃梨子
374,たてかべ和也
351,千原浩史
329,小寺智子
267,柏木隆太
229,金子恭平
219,田中優貴
99,久川綾
57,神足裕司
51,上田和孝
52,板谷光子
