id1,name1,id2,name2,count
13839,水原希子,17744,長谷川博己,2
13839,水原希子,5733,三浦春馬,2
26959,森雅之,28508,久我美子,2
26959,森雅之,28753,宇野重吉,2
26959,森雅之,4488,香川京子,2
26959,森雅之,28488,田中絹代,2
26959,森雅之,28888,川口浩,2
26959,森雅之,28887,京マチ子,2
28488,田中絹代,4488,香川京子,2
28488,田中絹代,28500,山田五十鈴,2
28488,田中絹代,28887,京マチ子,2
28488,田中絹代,28629,加東大介,2
28488,田中絹代,35839,中北千枝子,2
28488,田中絹代,35842,賀原夏子,2
28488,田中絹代,35787,菅井一郎,2
28488,田中絹代,29579,河野秋武,2
28488,田中絹代,35796,田中春男,2
28488,田中絹代,35788,見明凡太郎,2
28503,東野英治郎,28922,勝新太郎,2
28500,山田五十鈴,790,岡田茉莉子,2
20069,小篠恵奈,25537,堀夏子,2
1088,永瀬正敏,2928,原田知世,2
1088,永瀬正敏,386,永作博美,2
1217,佐野史郎,8852,月船さらら,2
13777,大西信満,3428,川瀬陽太,2
13777,大西信満,13778,吉澤健,2
1436,大杉漣,9616,菜葉菜,2
3930,草野康太,4165,木下ほうか,2
3930,草野康太,9187,河合龍之介,2
13976,菅田将暉,26572,橋本環奈,2
13976,菅田将暉,17646,ヤン・イクチュン,2
13976,菅田将暉,387,ユースケ・サンタマリア,2
13976,菅田将暉,18952,野村周平,2
13976,菅田将暉,2814,池松壮亮,2
13976,菅田将暉,17744,長谷川博己,2
13976,菅田将暉,25032,山田涼介,2
13976,菅田将暉,6963,綾野剛,2
21184,中村倫也,2282,神木隆之介,2
2282,神木隆之介,23509,小松菜奈,2
13040,松坂桃李,385,役所広司,2
13040,松坂桃李,13976,菅田将暉,2
13040,松坂桃李,411,西田敏行,2
13040,松坂桃李,6963,綾野剛,2
13040,松坂桃李,8725,高梨臨,2
14662,土屋太鳳,4636,田中圭,2
14662,土屋太鳳,17758,高杉真宙,2
307,藤原竜也,7218,佐藤健,2
307,藤原竜也,36,石原さとみ,2
307,藤原竜也,4797,香川照之,2
1635,北村一輝,2746,阿部寛,2
1635,北村一輝,933,上戸彩,2
1635,北村一輝,8879,福山雅治,2
2754,田中哲司,386,永作博美,2
7652,伊原剛志,946,深田恭子,2
13957,山田真歩,5483,安藤サクラ,2
13957,山田真歩,6331,渋川清彦,2
25005,石井杏奈,27267,岩田剛典,2
12413,高畑淳子,18923,川口春奈,2
12413,高畑淳子,22043,山崎一,2
3139,忍成修吾,8427,寉岡萌希,2
10167,中野英雄,6329,小沢仁志,2
10167,中野英雄,1355,小日向文世,2
10167,中野英雄,142,三浦友和,2
10167,中野英雄,630,ビートたけし,2
10167,中野英雄,8710,加瀬亮,2
10013,渡辺哲,10015,吹越満,2
10013,渡辺哲,16528,でんでん,2
15546,前野朋哉,7854,森岡龍,2
1439,菅野美穂,1884,尾野真千子,2
1884,尾野真千子,25003,藤野涼子,2
1884,尾野真千子,25004,板垣瑞生,2
1884,尾野真千子,3371,佐々木蔵之介,2
1884,尾野真千子,7873,堺雅人,2
23509,小松菜奈,7218,佐藤健,2
23509,小松菜奈,5387,妻夫木聡,2
2746,阿部寛,5620,豊川悦司,2
2746,阿部寛,71,広末涼子,2
2746,阿部寛,933,上戸彩,2
2746,阿部寛,411,西田敏行,2
2746,阿部寛,350,原田芳雄,2
2746,阿部寛,5277,長澤まさみ,2
2746,阿部寛,84,大塚寧々,2
2746,阿部寛,9799,玉山鉄二,2
2746,阿部寛,3723,野際陽子,2
2746,阿部寛,4760,堤真一,2
3428,川瀬陽太,4165,木下ほうか,2
3428,川瀬陽太,6269,富田克也,2
17758,高杉真宙,28235,浜辺美波,2
17758,高杉真宙,25036,黒島結菜,2
16873,岩崎加根子,29322,石原裕次郎,2
29379,浜田光夫,29396,田代みどり,2
1191,橋爪功,5277,長澤まさみ,2
16413,草笛光子,28483,高峰秀子,2
2718,小林桂樹,2719,馬渕晴子,2
28483,高峰秀子,28629,加東大介,2
28483,高峰秀子,29418,仲谷昇,2
28483,高峰秀子,35839,中北千枝子,2
28483,高峰秀子,35842,賀原夏子,2
28483,高峰秀子,7053,宝田明,2
28483,高峰秀子,28526,新珠三千代,2
28483,高峰秀子,28509,佐田啓二,2
28629,加東大介,29418,仲谷昇,2
28629,加東大介,35839,中北千枝子,2
28629,加東大介,35842,賀原夏子,2
28629,加東大介,28910,市川雷蔵,2
29132,稲野和子,29418,仲谷昇,2
29418,仲谷昇,35839,中北千枝子,2
29418,仲谷昇,35842,賀原夏子,2
35839,中北千枝子,35842,賀原夏子,2
28732,南美江,790,岡田茉莉子,2
28329,三船敏郎,28332,志村喬,2
28329,三船敏郎,28577,司葉子,2
28329,三船敏郎,28763,佐藤允,2
28329,三船敏郎,4488,香川京子,2
28574,笠智衆,740,井川比佐志,2
28887,京マチ子,30180,水戸光子,2
28887,京マチ子,28902,若尾文子,2
28927,船越英二,29050,霧立はるみ,2
28888,川口浩,28896,野添ひとみ,2
28618,進藤英太郎,35788,見明凡太郎,2
28558,乙羽信子,28636,殿山泰司,2
1872,奥田瑛二,5784,高橋惠子,2
22717,平祐奈,25036,黒島結菜,2
22717,平祐奈,27322,飯豊まりえ,2
12518,花澤香菜,22739,小松未可子,2
12518,花澤香菜,12519,木村良平,2
12518,花澤香菜,14962,福山潤,2
12518,花澤香菜,3548,関智一,2
25033,山本舞香,32371,伊藤健太郎,2
30503,北村匠海,31618,新田真剣佑,2
16502,山田裕貴,26693,内田理央,2
20412,鈴木伸之,22013,吉沢亮,2
20412,鈴木伸之,35752,磯村勇斗,2
20412,鈴木伸之,21719,町田啓太,2
20412,鈴木伸之,20413,趙珉和,2
20412,鈴木伸之,20764,野替愁平,2
20412,鈴木伸之,20766,川口真五,2
20412,鈴木伸之,3713,遠藤雄弥,2
22013,吉沢亮,30503,北村匠海,2
22013,吉沢亮,32544,杉野遥亮,2
22013,吉沢亮,8595,新木優子,2
22013,吉沢亮,26693,内田理央,2
26553,間宮祥太朗,27489,馬場ふみか,2
10423,小手伸也,1355,小日向文世,2
10423,小手伸也,19654,東出昌大,2
10423,小手伸也,5277,長澤まさみ,2
1355,小日向文世,19654,東出昌大,2
1355,小日向文世,5277,長澤まさみ,2
1355,小日向文世,339,大泉洋,2
1355,小日向文世,142,三浦友和,2
1355,小日向文世,630,ビートたけし,2
1355,小日向文世,6437,桐谷健太,2
19654,東出昌大,5277,長澤まさみ,2
19654,東出昌大,23509,小松菜奈,2
2840,江口洋介,307,藤原竜也,2
2840,江口洋介,5350,伊勢谷友介,2
2246,小林薫,6963,綾野剛,2
2246,小林薫,934,オダギリジョー,2
2246,小林薫,4797,香川照之,2
128,藤竜也,18804,岡崎二朗,2
128,藤竜也,1745,海東健,2
127,加藤雅也,750,芳賀優里亜,2
127,加藤雅也,27481,駿河太郎,2
21743,福士蒼汰,25307,杉咲花,2
26572,橋本環奈,32371,伊藤健太郎,2
26572,橋本環奈,4796,小栗旬,2
31073,寛一郎,9616,菜葉菜,2
31073,寛一郎,33903,結城滉星,2
1878,桃井かおり,4404,石倉三郎,2
23,石橋蓮司,258,岸部一徳,2
23,石橋蓮司,8640,大楠道代,2
258,岸部一徳,8640,大楠道代,2
258,岸部一徳,296,柄本明,2
258,岸部一徳,2678,田中裕子,2
18679,山﨑賢人,22013,吉沢亮,2
18679,山﨑賢人,26572,橋本環奈,2
17850,小原早織,4944,木村文洋,2
15398,百田夏菜子,15400,玉井詩織,2
15398,百田夏菜子,15401,佐々木彩夏,2
15398,百田夏菜子,15402,有安杏果,2
15398,百田夏菜子,15403,高城れに,2
25513,岡山天音,30348,武田玲奈,2
21771,森川葵,23914,中山龍也,2
21771,森川葵,25035,小関裕太,2
25936,村中知,28030,藤田咲,2
25936,村中知,30222,福原遥,2
1062,國村隼,197,余貴美子,2
1062,國村隼,1355,小日向文世,2
1062,國村隼,1694,板尾創路,2
1062,國村隼,411,西田敏行,2
1062,國村隼,1290,杉本哲太,2
1062,國村隼,5279,塚本高史,2
1062,國村隼,9799,玉山鉄二,2
197,余貴美子,2754,田中哲司,2
361,山田孝之,7218,佐藤健,2
361,山田孝之,3743,仲里依紗,2
361,山田孝之,8777,佐藤二朗,2
361,山田孝之,5277,長澤まさみ,2
361,山田孝之,4796,小栗旬,2
361,山田孝之,5740,やべきょうすけ,2
361,山田孝之,5279,塚本高史,2
10361,藤原啓治,11836,沢城みゆき,2
10361,藤原啓治,15985,浪川大輔,2
10361,藤原啓治,18994,潘めぐみ,2
10361,藤原啓治,8652,伊瀬茉莉也,2
13890,杉山紀彰,13891,川澄綾子,2
19614,日野聡,27712,上坂すみれ,2
19614,日野聡,28216,原由実,2
11902,宮野真守,25427,島﨑信長,2
11902,宮野真守,13470,石塚運昇,2
11902,宮野真守,1715,犬山イヌコ,2
11902,宮野真守,19879,悠木碧,2
11902,宮野真守,205,大谷育江,2
11902,宮野真守,2977,林原めぐみ,2
18746,武井咲,307,藤原竜也,2
18746,武井咲,5350,伊勢谷友介,2
166,佐藤浩市,1770,石田ゆり子,2
166,佐藤浩市,488,渡辺謙,2
166,佐藤浩市,339,大泉洋,2
166,佐藤浩市,3591,篠原涼子,2
166,佐藤浩市,296,柄本明,2
166,佐藤浩市,5387,妻夫木聡,2
166,佐藤浩市,2753,木村多江,2
166,佐藤浩市,1816,松たか子,2
166,佐藤浩市,350,原田芳雄,2
166,佐藤浩市,5350,伊勢谷友介,2
24815,渡辺紘文,34357,久次璃子,2
24815,渡辺紘文,27964,今村樂,2
2689,多部未華子,3557,高良健吾,2
2689,多部未華子,5733,三浦春馬,2
25744,水野勝,25745,本田剛文,2
25744,水野勝,25746,田中俊介,2
16694,三浦貴大,16805,阿部進之介,2
3881,井上真央,8658,竹野内豊,2
21017,伊藤かな恵,22797,松岡禎丞,2
19879,悠木碧,205,大谷育江,2
19879,悠木碧,2977,林原めぐみ,2
19037,井浦新,3557,高良健吾,2
19037,井浦新,25931,成田凌,2
19037,井浦新,5483,安藤サクラ,2
23585,村上虹郎,4761,リリー・フランキー,2
28048,のん,28049,尾身美詞,2
34818,上西雄大,34824,古川藍,2
34818,上西雄大,34825,徳竹未夏,2
34824,古川藍,34825,徳竹未夏,2
13358,小林由美子,13936,森川智之,2
13358,小林由美子,710,ならはしみき,2
13358,小林由美子,13359,今井由香,2
13936,森川智之,709,矢島晶子,2
13936,森川智之,1717,釘宮理恵,2
13936,森川智之,8651,竹内順子,2
2291,松山ケンイチ,5620,豊川悦司,2
2291,松山ケンイチ,979,二宮和也,2
2291,松山ケンイチ,307,藤原竜也,2
29526,梶芽衣子,350,原田芳雄,2
385,役所広司,8896,安田成美,2
385,役所広司,732,岡田准一,2
385,役所広司,5387,妻夫木聡,2
5277,長澤まさみ,732,岡田准一,2
1440,西島秀俊,166,佐藤浩市,2
1440,西島秀俊,2932,真木よう子,2
1440,西島秀俊,386,永作博美,2
1440,西島秀俊,3639,つぐみ,2
17692,黒木華,2928,原田知世,2
17692,黒木華,732,岡田准一,2
17692,黒木華,1816,松たか子,2
17692,黒木華,5387,妻夫木聡,2
17692,黒木華,6963,綾野剛,2
3557,高良健吾,4889,前田敦子,2
3557,高良健吾,8703,吉高由里子,2
3557,高良健吾,9319,森山未來,2
3557,高良健吾,861,田口トモロヲ,2
386,永作博美,413,浅田美代子,2
386,永作博美,5859,岡田将生,2
1139,蒼井優,4549,高橋一生,2
1139,蒼井優,119,竹内結子,2
1139,蒼井優,5733,三浦春馬,2
1139,蒼井優,8710,加瀬亮,2
1139,蒼井優,934,オダギリジョー,2
1139,蒼井優,37,浅野忠信,2
1139,蒼井優,5017,鈴木杏,2
1139,蒼井優,2291,松山ケンイチ,2
1139,蒼井優,5620,豊川悦司,2
1139,蒼井優,2840,江口洋介,2
1139,蒼井優,4797,香川照之,2
1139,蒼井優,2113,上野樹里,2
10015,吹越満,16528,でんでん,2
296,柄本明,5344,松田龍平,2
296,柄本明,901,津川雅彦,2
1825,岡田義徳,2651,佐藤隆太,2
21616,藤田恵名,25371,屋敷紘子,2
23720,永野芽郁,25415,坂口健太郎,2
13311,中村悠一,1716,櫻井孝宏,2
13311,中村悠一,14014,代永翼,2
15021,梶裕貴,1716,櫻井孝宏,2
4854,成海璃子,5859,岡田将生,2
1103,村上淳,603,大森南朋,2
1103,村上淳,3878,渡辺真起子,2
1103,村上淳,861,田口トモロヲ,2
1103,村上淳,3139,忍成修吾,2
1103,村上淳,1757,坂井真紀,2
1103,村上淳,1104,光石研,2
3894,夏帆,5859,岡田将生,2
10603,染谷将太,1103,村上淳,2
10603,染谷将太,1088,永瀬正敏,2
10603,染谷将太,177,窪塚洋介,2
10603,染谷将太,4889,前田敦子,2
10603,染谷将太,2291,松山ケンイチ,2
10603,染谷将太,3003,谷村美月,2
10603,染谷将太,19654,東出昌大,2
10603,染谷将太,6963,綾野剛,2
10603,染谷将太,339,大泉洋,2
10603,染谷将太,2427,阿部サダヲ,2
10603,染谷将太,821,深津絵里,2
10603,染谷将太,798,伊藤英明,2
13908,窪田正孝,34836,小西桜子,2
13908,窪田正孝,14237,崎本大海　,2
5160,内野聖陽,603,大森南朋,2
603,大森南朋,7933,塩見三省,2
603,大森南朋,6437,桐谷健太,2
25004,板垣瑞生,3371,佐々木蔵之介,2
5396,北川景子,5620,豊川悦司,2
30222,福原遥,30769,森なな子,2
1201,竹中直人,2154,本仮屋ユイカ,2
1201,竹中直人,1759,井上晴美,2
1201,竹中直人,2929,段田安則,2
1201,竹中直人,3651,田口浩正,2
15985,浪川大輔,22252,栗田貫一,2
15985,浪川大輔,23502,小林清志,2
15985,浪川大輔,9547,柿原徹也,2
15985,浪川大輔,17778,羽多野渉,2
15985,浪川大輔,18994,潘めぐみ,2
15985,浪川大輔,8652,伊瀬茉莉也,2
5344,松田龍平,8039,永山絢斗,2
14536,本宮泰風,6329,小沢仁志,2
2972,山口祥行,6329,小沢仁志,2
2427,阿部サダヲ,2451,瑛太,2
2427,阿部サダヲ,821,深津絵里,2
2427,阿部サダヲ,3881,井上真央,2
2427,阿部サダヲ,8658,竹野内豊,2
10385,きたろう,15038,中村有志,2
10385,きたろう,15044,大竹まこと,2
13979,千葉雄大,25931,成田凌,2
13979,千葉雄大,23026,山本美月,2
18994,潘めぐみ,24122,北川里奈,2
18994,潘めぐみ,8652,伊瀬茉莉也,2
5387,妻夫木聡,5620,豊川悦司,2
5387,妻夫木聡,7085,満島ひかり,2
5387,妻夫木聡,821,深津絵里,2
5387,妻夫木聡,612,伊藤歩,2
31480,濱津隆之,31481,真魚,2
31480,濱津隆之,31482,しゅはまはるみ,2
21353,松岡茉優,4761,リリー・フランキー,2
1208,仲代達矢,1932,栗原小巻,2
1208,仲代達矢,3013,平幹二朗,2
1208,仲代達矢,7612,有馬稲子,2
1208,仲代達矢,28483,高峰秀子,2
1208,仲代達矢,28509,佐田啓二,2
1816,松たか子,385,役所広司,2
1816,松たか子,2044,木村拓哉,2
1816,松たか子,2427,阿部サダヲ,2
1816,松たか子,1817,吉岡秀隆,2
25682,広瀬すず,8879,福山雅治,2
25682,広瀬すず,385,役所広司,2
25682,広瀬すず,26094,真剣佑,2
4079,柄本佑,4263,木村文乃,2
4263,木村文乃,732,岡田准一,2
4263,木村文乃,6437,桐谷健太,2
11836,沢城みゆき,22997,咲野俊介,2
11836,沢城みゆき,22455,檀臣幸,2
11836,沢城みゆき,18994,潘めぐみ,2
11836,沢城みゆき,8652,伊瀬茉莉也,2
22252,栗田貫一,23502,小林清志,2
2323,山寺宏一,6516,野沢雅子,2
2323,山寺宏一,411,西田敏行,2
21304,細谷佳正,28048,のん,2
21304,細谷佳正,28049,尾身美詞,2
1368,吉行和子,413,浅田美代子,2
18952,野村周平,22717,平祐奈,2
18952,野村周平,25036,黒島結菜,2
18952,野村周平,26094,真剣佑,2
3878,渡辺真起子,586,中村優子,2
16021,寿美菜子,19879,悠木碧,2
16021,寿美菜子,20670,生天目仁美,2
16021,寿美菜子,20671,渕上舞,2
3371,佐々木蔵之介,7652,伊原剛志,2
3371,佐々木蔵之介,946,深田恭子,2
3371,佐々木蔵之介,5277,長澤まさみ,2
3371,佐々木蔵之介,699,常盤貴子,2
12519,木村良平,98,下野紘,2
12519,木村良平,13630,玉川紗己子,2
22965,安野希世乃,33739,成瀬瑛美,2
22965,安野希世乃,33740,小原好美,2
16384,二階堂ふみ,22013,吉沢亮,2
16384,二階堂ふみ,3557,高良健吾,2
16384,二階堂ふみ,17744,長谷川博己,2
1651,稲垣吾郎,6331,渋川清彦,2
1812,玉木宏,2113,上野樹里,2
22739,小松未可子,22965,安野希世乃,2
22739,小松未可子,33739,成瀬瑛美,2
22739,小松未可子,33740,小原好美,2
27712,上坂すみれ,28216,原由実,2
33739,成瀬瑛美,33740,小原好美,2
10,岡村明美,17198,矢尾一樹,2
10,岡村明美,17199,チョー,2
11,中井和哉,22455,檀臣幸,2
11,中井和哉,17198,矢尾一樹,2
11,中井和哉,17199,チョー,2
1243,天海祐希,385,役所広司,2
2016,根岸季衣,585,水橋研二,2
2016,根岸季衣,861,田口トモロヲ,2
26394,花影香音,33407,搗宮姫奈,2
20128,岡本信彦,24002,山下大輝,2
20391,早乙女太一,2291,松山ケンイチ,2
20391,早乙女太一,7873,堺雅人,2
17504,佐倉綾音,30333,村川梨衣,2
17504,佐倉綾音,25027,種田梨沙,2
1147,笑福亭鶴瓶,2991,吉永小百合,2
25676,玉城ティナ,27322,飯豊まりえ,2
31481,真魚,31482,しゅはまはるみ,2
14962,福山潤,21877,内田真礼,2
14962,福山潤,20128,岡本信彦,2
14962,福山潤,21304,細谷佳正,2
12358,名塚佳織,12962,小清水亜美,2
165,中井貴一,3371,佐々木蔵之介,2
165,中井貴一,71,広末涼子,2
165,中井貴一,797,野村萬斎,2
165,中井貴一,166,佐藤浩市,2
21394,松田健一郎,22455,檀臣幸,2
17408,有村架純,25415,坂口健太郎,2
17408,有村架純,7218,佐藤健,2
17408,有村架純,5620,豊川悦司,2
7218,佐藤健,7760,中村優一,2
7218,佐藤健,9862,関俊彦,2
7218,佐藤健,9864,遊佐浩二,2
7218,佐藤健,9872,てらそままさき,2
14467,鈴木亮平,732,岡田准一,2
14467,鈴木亮平,21068,清水富美加,2
14467,鈴木亮平,6963,綾野剛,2
14467,鈴木亮平,15045,ムロツヨシ,2
1544,柴咲コウ,798,伊藤英明,2
732,岡田准一,733,櫻井翔,2
732,岡田准一,734,酒井若菜,2
36,石原さとみ,37,浅野忠信,2
4760,堤真一,5387,妻夫木聡,2
4760,堤真一,732,岡田准一,2
4761,リリー・フランキー,5146,ピエール瀧,2
1137,ともさかりえ,1139,蒼井優,2
12059,桐山漣,2868,豊原功補,2
12059,桐山漣,5740,やべきょうすけ,2
12059,桐山漣,13976,菅田将暉,2
12059,桐山漣,3413,吉川晃司,2
1543,市川実日子,1867,小林聡美,2
2814,池松壮亮,860,寺島しのぶ,2
1104,光石研,3557,高良健吾,2
1104,光石研,603,大森南朋,2
3743,仲里依紗,8777,佐藤二朗,2
23722,北香那,28236,浅川梨奈,2
23722,北香那,4834,和田聰宏,2
23722,北香那,4903,三津谷葉子,2
28236,浅川梨奈,4834,和田聰宏,2
28236,浅川梨奈,4903,三津谷葉子,2
4834,和田聰宏,4903,三津谷葉子,2
142,三浦友和,411,西田敏行,2
142,三浦友和,2560,田中泯,2
142,三浦友和,4760,堤真一,2
142,三浦友和,630,ビートたけし,2
142,三浦友和,307,藤原竜也,2
1908,沢尻エリカ,4796,小栗旬,2
1908,沢尻エリカ,361,山田孝之,2
1908,沢尻エリカ,5350,伊勢谷友介,2
10743,松原智恵子,29337,川地民夫,2
10743,松原智恵子,29327,小林旭,2
10743,松原智恵子,29365,二谷英明,2
119,竹内結子,1440,西島秀俊,2
119,竹内結子,4797,香川照之,2
119,竹内結子,295,大沢たかお,2
119,竹内結子,411,西田敏行,2
119,竹内結子,16548,草彅剛,2
119,竹内結子,7873,堺雅人,2
10629,武田梨奈,6161,中達也,2
25003,藤野涼子,25004,板垣瑞生,2
25003,藤野涼子,3371,佐々木蔵之介,2
10038,太賀,1190,鶴田真由,2
1817,吉岡秀隆,2043,倍賞千恵子,2
1817,吉岡秀隆,7873,堺雅人,2
2043,倍賞千恵子,28574,笠智衆,2
2043,倍賞千恵子,740,井川比佐志,2
2043,倍賞千恵子,28707,ハナ肇,2
2043,倍賞千恵子,28620,勝呂誉,2
18588,護あさな,26590,あの,2
18588,護あさな,28236,浅川梨奈,2
26590,あの,28236,浅川梨奈,2
1694,板尾創路,5017,鈴木杏,2
1694,板尾創路,19989,壇蜜,2
1694,板尾創路,4079,柄本佑,2
1421,倍賞美津子,350,原田芳雄,2
100,坂本真綾,22455,檀臣幸,2
100,坂本真綾,9349,藤村歩,2
5706,水野美紀,6777,虎牙光揮,2
18923,川口春奈,22043,山崎一,2
10688,黒田育世,6226,長宗我部陽子,2
17744,長谷川博己,5733,三浦春馬,2
32309,竹島由夏,8162,出合正幸,2
2916,韓英恵,5622,片岡礼子,2
12046,中村誠治郎,4355,秋山莉奈,2
1412,田畑智子,5387,妻夫木聡,2
4797,香川照之,84,大塚寧々,2
4797,香川照之,663,生瀬勝久,2
4797,香川照之,934,オダギリジョー,2
4797,香川照之,732,岡田准一,2
4797,香川照之,5344,松田龍平,2
504,池脇千鶴,5387,妻夫木聡,2
23807,小林豊,25746,田中俊介,2
25745,本田剛文,25746,田中俊介,2
339,大泉洋,3881,井上真央,2
339,大泉洋,5344,松田龍平,2
339,大泉洋,385,役所広司,2
339,大泉洋,699,常盤貴子,2
5859,岡田将生,8251,鶴見辰吾,2
1613,堀川りょう,440,中尾隆聖,2
1613,堀川りょう,6516,野沢雅子,2
440,中尾隆聖,6516,野沢雅子,2
10313,中村達也（BLANKEY JET CITY）,19079,塚本晋也,2
13286,早見沙織,1716,櫻井孝宏,2
13286,早見沙織,13630,玉川紗己子,2
21352,広瀬アリス,4761,リリー・フランキー,2
2337,AKIRA,27267,岩田剛典,2
12962,小清水亜美,8650,三瓶由布子,2
12962,小清水亜美,14613,折笠富美子,2
12962,小清水亜美,4767,三石琴乃,2
18623,美山加恋,25936,村中知,2
18623,美山加恋,28030,藤田咲,2
18623,美山加恋,30222,福原遥,2
18623,美山加恋,30769,森なな子,2
19569,横山裕,19570,渋谷すばる,2
19569,横山裕,19571,村上信五,2
19569,横山裕,20352,安田章大,2
14014,代永翼,15021,梶裕貴,2
11788,浅利陽介,9187,河合龍之介,2
3792,戸田恵梨香,4797,香川照之,2
3792,戸田恵梨香,819,織田裕二,2
16810,藤森慎吾,16811,中田敦彦,2
13668,海部剛史,28187,雨蘭咲木子,2
13668,海部剛史,28188,鈴木弥生,2
28187,雨蘭咲木子,28188,鈴木弥生,2
5620,豊川悦司,7629,六平直政,2
5620,豊川悦司,861,田口トモロヲ,2
5017,鈴木杏,603,大森南朋,2
2932,真木よう子,4797,香川照之,2
2932,真木よう子,4760,堤真一,2
2932,真木よう子,732,岡田准一,2
28577,司葉子,29773,加山雄三,2
14580,佐藤永典,14642,須藤茉麻,2
14580,佐藤永典,14643,竹達彩奈,2
14580,佐藤永典,14581,佐々木喜英,2
14642,須藤茉麻,14643,竹達彩奈,2
709,矢島晶子,8545,こおろぎさとみ,2
3273,江口のりこ,8713,松田洋治,2
3273,江口のりこ,8719,綾田俊樹,2
3273,江口のりこ,6420,温水洋一,2
3273,江口のりこ,8687,今村祈履,2
2226,荒川良々,2638,水川あさみ,2
2597,中村七之助,8633,中村勘三郎,2
24893,樋井明日香,9480,山田キヌヲ,2
20017,上埜すみれ,26828,洪潤梨,2
11845,入野自由,21813,茅野愛衣,2
11845,入野自由,12518,花澤香菜,2
21813,茅野愛衣,24351,尾崎真実,2
11901,鳥海浩輔,14113,豊口めぐみ,2
11901,鳥海浩輔,6515,石田彰,2
1813,綾瀬はるか,4760,堤真一,2
1813,綾瀬はるか,5859,岡田将生,2
1813,綾瀬はるか,36,石原さとみ,2
1813,綾瀬はるか,809,遠藤憲一,2
22581,BiS,29784,GANG PARADE,2
10788,桜庭ななみ,4636,田中圭,2
14780,松本若菜,14781,中泉英雄,2
13722,生田斗真,2451,瑛太,2
13722,生田斗真,361,山田孝之,2
13722,生田斗真,1401,高岡蒼佑,2
13722,生田斗真,8703,吉高由里子,2
28130,スベンジャ・ポンコン,3428,川瀬陽太,2
28130,スベンジャ・ポンコン,6269,富田克也,2
19088,水澤紳吾,4322,守屋文雄,2
2510,田中要次,3094,高橋真唯,2
2510,田中要次,3607,小出恵介,2
2510,田中要次,7996,小林且弥,2
2510,田中要次,9868,永田彬,2
2510,田中要次,9869,今野浩喜,2
2510,田中要次,9870,品川祐,2
2510,田中要次,9871,千原せいじ,2
4425,西村奈緒,4426,西村信子,2
4425,西村奈緒,4428,西村記一,2
4426,西村信子,4428,西村記一,2
29773,加山雄三,30092,黒沢年男,2
1400,新井浩文,630,ビートたけし,2
1173,樹木希林,1490,夏川結衣,2
1173,樹木希林,2746,阿部寛,2
1173,樹木希林,350,原田芳雄,2
1173,樹木希林,934,オダギリジョー,2
27769,中西美帆,5215,小市慢太郎,2
16441,橋本愛,4761,リリー・フランキー,2
16441,橋本愛,2814,池松壮亮,2
16441,橋本愛,16694,三浦貴大,2
16441,橋本愛,21353,松岡茉優,2
2868,豊原功補,5740,やべきょうすけ,2
20792,吉井和哉,21940,菊地英昭,2
20792,吉井和哉,21941,廣瀬洋一,2
20792,吉井和哉,22385,菊地英二,2
21940,菊地英昭,21941,廣瀬洋一,2
21940,菊地英昭,22385,菊地英二,2
21941,廣瀬洋一,22385,菊地英二,2
11906,平野綾,1717,釘宮理恵,2
11906,平野綾,9547,柿原徹也,2
1717,釘宮理恵,9547,柿原徹也,2
1717,釘宮理恵,9884,阪口大助,2
27444,柳谷一成,28337,ウー・シンティ,2
28509,佐田啓二,28531,三上真一郎,2
28509,佐田啓二,28530,桑野みゆき,2
5512,桑島法子,7756,森久保祥太郎,2
2451,瑛太,4829,佐藤江梨子,2
2451,瑛太,385,役所広司,2
12997,佐々木希,14615,青柳翔,2
2991,吉永小百合,7873,堺雅人,2
13405,忽那汐里,860,寺島しのぶ,2
2491,薬師丸ひろ子,5620,豊川悦司,2
26027,中村玉緒,28910,市川雷蔵,2
20671,渕上舞,21813,茅野愛衣,2
20671,渕上舞,24351,尾崎真実,2
20671,渕上舞,22747,興津和幸,2
20671,渕上舞,22799,沼倉愛美,2
17500,丸山隆平,19569,横山裕,2
17500,丸山隆平,19570,渋谷すばる,2
17500,丸山隆平,19571,村上信五,2
17500,丸山隆平,20352,安田章大,2
28030,藤田咲,30222,福原遥,2
28030,藤田咲,30769,森なな子,2
27744,佐藤寛太,27745,美沙玲奈,2
27744,佐藤寛太,27746,山口乃々華,2
17646,ヤン・イクチュン,387,ユースケ・サンタマリア,2
411,西田敏行,5845,松重豊,2
411,西田敏行,630,ビートたけし,2
411,西田敏行,7933,塩見三省,2
411,西田敏行,821,深津絵里,2
411,西田敏行,5387,妻夫木聡,2
411,西田敏行,536,伊東美咲,2
5219,大杉漣,630,ビートたけし,2
5845,松重豊,630,ビートたけし,2
5845,松重豊,7933,塩見三省,2
630,ビートたけし,7933,塩見三省,2
630,ビートたけし,8710,加瀬亮,2
2261,田中麗奈,8229,東山紀之,2
37,浅野忠信,5350,伊勢谷友介,2
37,浅野忠信,5387,妻夫木聡,2
37,浅野忠信,4797,香川照之,2
37,浅野忠信,5344,松田龍平,2
37,浅野忠信,553,UA,2
17635,内山昂輝,18069,甲斐田裕子,2
17635,内山昂輝,9349,藤村歩,2
17488,日笠陽子,17489,佐藤聡美,2
16319,木村知貴,24893,樋井明日香,2
16319,木村知貴,9480,山田キヌヲ,2
16836,馬場良馬,30399,本郷杏奈,2
16836,馬場良馬,27331,片山萌美,2
16836,馬場良馬,18574,辻本祐樹,2
16836,馬場良馬,19415,蕨野友也,2
27330,森川彩香,30399,本郷杏奈,2
27330,森川彩香,27331,片山萌美,2
23736,立花あんな,27331,片山萌美,2
23736,立花あんな,30382,和合真一,2
27331,片山萌美,30382,和合真一,2
18575,小田島渚,30301,川合諒,2
18575,小田島渚,30302,小澤らいむ,2
30301,川合諒,30302,小澤らいむ,2
1145,反町隆史,1208,仲代達矢,2
28910,市川雷蔵,29093,成田三樹夫,2
28910,市川雷蔵,28996,万里昌代,2
28910,市川雷蔵,28961,浦路洋子,2
28910,市川雷蔵,28912,長谷川一夫,2
28922,勝新太郎,29023,滝瑛子,2
28922,勝新太郎,28927,船越英二,2
28922,勝新太郎,28998,島田竜三,2
1236,丹波哲郎,3769,宍戸錠,2
1236,丹波哲郎,5161,岩下志麻,2
1236,丹波哲郎,28630,鰐淵晴子,2
28484,大木実,28509,佐田啓二,2
29681,久保明,30103,小林夕岐子,2
28763,佐藤允,6169,夏木陽介,2
4305,星由里子,671,小泉博,2
4305,星由里子,7053,宝田明,2
6169,夏木陽介,671,小泉博,2
28687,渡辺美佐子,3643,長門裕之,2
2848,市川染五郎,3470,坂東三津五郎,2
2848,市川染五郎,8633,中村勘三郎,2
29190,高島忠夫,29673,藤木悠,2
29190,高島忠夫,29191,高倉みゆき,2
1065,三浦誠己,1103,村上淳,2
1065,三浦誠己,586,中村優子,2
1065,三浦誠己,6331,渋川清彦,2
13318,小野大輔,14013,神谷浩史,2
13318,小野大輔,15985,浪川大輔,2
1856,渡哲也,350,原田芳雄,2
1856,渡哲也,29476,内田良平,2
1856,渡哲也,2166,高橋英樹,2
1856,渡哲也,29478,小池朝雄,2
1931,緒形拳,84,大塚寧々,2
2166,高橋英樹,29379,浜田光夫,2
13973,齋藤彩夏,26761,高橋李依,2
1897,白川和子,29550,浜口竜哉,2
29559,田中真理,29565,吉沢健,2
29327,小林旭,29474,郷鍈治,2
29327,小林旭,29476,内田良平,2
29327,小林旭,29337,川地民夫,2
29327,小林旭,29338,沢本忠雄,2
29327,小林旭,3769,宍戸錠,2
29376,和田浩治,3769,宍戸錠,2
29376,和田浩治,2991,吉永小百合,2
1175,浅丘ルリ子,2991,吉永小百合,2
1175,浅丘ルリ子,3643,長門裕之,2
1175,浅丘ルリ子,29318,葉山良二,2
1175,浅丘ルリ子,29364,赤木圭一郎,2
18004,小山明子,28484,大木実,2
18004,小山明子,28495,泉京子,2
5047,三國連太郎,5161,岩下志麻,2
29318,葉山良二,29327,小林旭,2
29318,葉山良二,29319,芦川いづみ,2
29320,金子信雄,29327,小林旭,2
29365,二谷英明,3769,宍戸錠,2
29337,川地民夫,29379,浜田光夫,2
29337,川地民夫,2991,吉永小百合,2
29370,笹森礼子,3769,宍戸錠,2
29108,中原早苗,29319,芦川いづみ,2
29108,中原早苗,29322,石原裕次郎,2
29108,中原早苗,29109,しめぎしがこ,2
29101,天知茂,29197,三ツ矢歌子,2
29101,天知茂,29214,沼田曜一,2
14506,吉田輝雄,29101,天知茂,2
29195,三原葉子,35,菅原文太,2
29195,三原葉子,566,宇津井健,2
28996,万里昌代,29195,三原葉子,2
29197,三ツ矢歌子,29214,沼田曜一,2
29197,三ツ矢歌子,29198,林寛,2
29216,小畑絹子,35,菅原文太,2
29237,松浦浪路,35,菅原文太,2
29198,林寛,566,宇津井健,2
28862,田宮二郎,28922,勝新太郎,2
28862,田宮二郎,28902,若尾文子,2
28862,田宮二郎,28942,叶順子,2
2647,藤村志保,28902,若尾文子,2
2647,藤村志保,28910,市川雷蔵,2
2647,藤村志保,5935,栗塚旭,2
2180,篠田三郎,29170,関根恵子,2
10771,川津祐介,29145,渥美マリ,2
10771,川津祐介,28508,久我美子,2
29149,南美川洋子,29150,八並映子,2
1643,松方弘樹,28939,本郷功次郎,2
28939,本郷功次郎,566,宇津井健,2
28939,本郷功次郎,29036,高田美和,2
28902,若尾文子,29078,安田道代,2
28902,若尾文子,29057,江波杏子,2
28902,若尾文子,28942,叶順子,2
28902,若尾文子,28916,根上淳,2
29078,安田道代,29109,しめぎしがこ,2
29078,安田道代,29120,三木本賀代,2
28750,小川真由美,5161,岩下志麻,2
28942,叶順子,28964,川崎敬三,2
28479,高千穂ひづる,28484,大木実,2
28895,山本富士子,28942,叶順子,2
28895,山本富士子,28896,野添ひとみ,2
28334,木村功,5161,岩下志麻,2
28837,森次浩司,28856,范文雀,2
13146,中尾彬,603,大森南朋,2
28643,長門勇,5161,岩下志麻,2
28530,桑野みゆき,3013,平幹二朗,2
13452,加賀まりこ,5161,岩下志麻,2
28591,高峰三枝子,901,津川雅彦,2
28675,倉丘伸太郎,28676,平井昌一,2
28623,早川保,5161,岩下志麻,2
28489,高橋貞二,7612,有馬稲子,2
28477,高田浩吉,28478,嵯峨三智子,2
29596,杉山佳寿子,29597,熊倉一雄,2
29596,杉山佳寿子,29598,太田淑子,2
29597,熊倉一雄,29598,太田淑子,2
5350,伊勢谷友介,6963,綾野剛,2
5350,伊勢谷友介,7218,佐藤健,2
10156,堀江由衣,26761,高橋李依,2
8777,佐藤二朗,8840,高橋洋,2
17131,浦井健治,5714,古田新太,2
2053,もたいまさこ,8710,加瀬亮,2
8823,杉野希妃,8828,斎藤工,2
27745,美沙玲奈,27746,山口乃々華,2
3466,松雪泰子,7085,満島ひかり,2
2113,上野樹里,2451,瑛太,2
1360,宮﨑あおい,387,ユースケ・サンタマリア,2
1360,宮﨑あおい,385,役所広司,2
1360,宮﨑あおい,733,櫻井翔,2
1360,宮﨑あおい,5344,松田龍平,2
1360,宮﨑あおい,934,オダギリジョー,2
1360,宮﨑あおい,732,岡田准一,2
1360,宮﨑あおい,6437,桐谷健太,2
1360,宮﨑あおい,2667,石田えり,2
1360,宮﨑あおい,1440,西島秀俊,2
1360,宮﨑あおい,37,浅野忠信,2
26214,朝倉ことみ,3428,川瀬陽太,2
23099,池岡亮介,25377,生駒里奈,2
23099,池岡亮介,9399,前田希美,2
25377,生駒里奈,9399,前田希美,2
14752,木嶋のりこ,21911,間宮夕貴,2
18682,相楽樹,21654,仙石みなみ,2
6381,榮倉奈々,6963,綾野剛,2
6381,榮倉奈々,732,岡田准一,2
1223,高橋和也,5622,片岡礼子,2
21693,山本彩,21694,渡辺美優紀,2
23914,中山龍也,25035,小関裕太,2
178,麻生久美子,3743,仲里依紗,2
167,中谷美紀,934,オダギリジョー,2
167,中谷美紀,5387,妻夫木聡,2
24131,山田ジェームス武,25364,田中日奈子,2
24131,山田ジェームス武,25867,廣瀬智紀,2
25364,田中日奈子,25867,廣瀬智紀,2
21253,篠原篤,22317,成嶋瞳子,2
22747,興津和幸,22799,沼倉愛美,2
13947,中村邦晃,9616,菜葉菜,2
25568,さかなクン,25569,中山さら,2
25568,さかなクン,25570,龍田直樹,2
25569,中山さら,25570,龍田直樹,2
13188,鈴木勝吾,3930,草野康太,2
13188,鈴木勝吾,16836,馬場良馬,2
13188,鈴木勝吾,18574,辻本祐樹,2
13188,鈴木勝吾,19415,蕨野友也,2
15408,中島愛里,22325,橘美緒,2
15408,中島愛里,3930,草野康太,2
21677,倉貫匡弘,3930,草野康太,2
22325,橘美緒,3930,草野康太,2
18591,高崎翔太,9779,八神蓮,2
13901,茅原実里,14226,KENN,2
13901,茅原実里,25027,種田梨沙,2
14226,KENN,25027,種田梨沙,2
1406,仲村トオル,1527,柴田恭兵,2
1406,仲村トオル,340,小池栄子,2
1469,唐沢寿明,465,小雪,2
1469,唐沢寿明,5620,豊川悦司,2
1469,唐沢寿明,699,常盤貴子,2
48,伊藤淳史,5277,長澤まさみ,2
6777,虎牙光揮,9099,三元雅芸,2
2094,首藤康之,37,浅野忠信,2
15026,内山昴輝,9349,藤村歩,2
15026,内山昴輝,98,下野紘,2
13571,菊池こころ,8651,竹内順子,2
8650,三瓶由布子,8651,竹内順子,2
6440,菅田俊,9187,河合龍之介,2
6440,菅田俊,8427,寉岡萌希,2
1715,犬山イヌコ,19879,悠木碧,2
1715,犬山イヌコ,17198,矢尾一樹,2
1715,犬山イヌコ,17199,チョー,2
21393,塾一久,22455,檀臣幸,2
1176,鈴木京香,142,三浦友和,2
1176,鈴木京香,1355,小日向文世,2
14637,森田成一,6516,野沢雅子,2
1490,夏川結衣,1884,尾野真千子,2
1490,夏川結衣,25003,藤野涼子,2
1490,夏川結衣,25004,板垣瑞生,2
1490,夏川結衣,3371,佐々木蔵之介,2
1490,夏川結衣,2746,阿部寛,2
1490,夏川結衣,350,原田芳雄,2
13313,中島愛,24122,北川里奈,2
295,大沢たかお,5256,松嶋菜々子,2
295,大沢たかお,5437,北乃きい,2
22582,プー・ルイ,22583,ヒラノノゾミ,2
15400,玉井詩織,15401,佐々木彩夏,2
15400,玉井詩織,15402,有安杏果,2
15400,玉井詩織,15403,高城れに,2
15401,佐々木彩夏,15402,有安杏果,2
15401,佐々木彩夏,15403,高城れに,2
15402,有安杏果,15403,高城れに,2
19570,渋谷すばる,19571,村上信五,2
19570,渋谷すばる,20352,安田章大,2
1172,風吹ジュン,5277,長澤まさみ,2
1172,風吹ジュン,5279,塚本高史,2
6743,渡辺梓,699,常盤貴子,2
5511,斎藤千和,5541,渡辺久美子,2
16341,嘉門洋子,4292,吉岡睦雄,2
16341,嘉門洋子,9187,河合龍之介,2
4292,吉岡睦雄,9187,河合龍之介,2
13884,東地宏樹,1497,八嶋智人,2
13884,東地宏樹,2977,林原めぐみ,2
13354,中村千絵,13936,森川智之,2
3397,富司純子,4079,柄本佑,2
6420,温水洋一,8687,今村祈履,2
12990,渡辺大輔,6906,滝口幸広,2
1761,堀北真希,385,役所広司,2
1761,堀北真希,4774,船越英一郎,2
1761,堀北真希,2291,松山ケンイチ,2
247,小西真奈美,724,市原隼人,2
13060,福圓美里,13132,高木渉,2
23913,副島美咲,23914,中山龍也,2
7836,池田将,7857,吉武真理子,2
7836,池田将,8124,土生裕,2
3024,黒木メイサ,361,山田孝之,2
3024,黒木メイサ,5740,やべきょうすけ,2
3804,市川海老蔵,5350,伊勢谷友介,2
19571,村上信五,20352,安田章大,2
13470,石塚運昇,19879,悠木碧,2
3547,三木眞一郎,5512,桑島法子,2
3547,三木眞一郎,7756,森久保祥太郎,2
21511,森山良子,945,黒木瞳,2
21866,本山なみ,23353,柳ゆり菜,2
21866,本山なみ,23354,石田知之,2
23353,柳ゆり菜,23354,石田知之,2
14113,豊口めぐみ,6515,石田彰,2
1177,原田美枝子,5387,妻夫木聡,2
1177,原田美枝子,1421,倍賞美津子,2
22825,山邊未夢,22826,新井ひとみ,2
22825,山邊未夢,22827,庄司芽生,2
22825,山邊未夢,23040,小西彩乃,2
22825,山邊未夢,23041,中江友梨,2
22826,新井ひとみ,22827,庄司芽生,2
22826,新井ひとみ,23040,小西彩乃,2
22826,新井ひとみ,23041,中江友梨,2
22827,庄司芽生,23040,小西彩乃,2
22827,庄司芽生,23041,中江友梨,2
23040,小西彩乃,23041,中江友梨,2
12989,浜尾京介,6906,滝口幸広,2
1804,成宮寛貴,5914,中村ゆり,2
1804,成宮寛貴,462,椎名桔平,2
14300,鈴之助,5217,佐野和真,2
20413,趙珉和,20764,野替愁平,2
20413,趙珉和,20766,川口真五,2
20413,趙珉和,3713,遠藤雄弥,2
20764,野替愁平,20766,川口真五,2
20764,野替愁平,3713,遠藤雄弥,2
20766,川口真五,3713,遠藤雄弥,2
10230,紗綾,8137,長澤奈央,2
14237,崎本大海　,5217,佐野和真,2
7811,本田貴子,9349,藤村歩,2
22455,檀臣幸,22529,新垣樽助,2
22455,檀臣幸,22530,中國卓郎,2
22455,檀臣幸,22531,上田燿司,2
14509,植野堀誠,16836,馬場良馬,2
14509,植野堀誠,3930,草野康太,2
14509,植野堀誠,9187,河合龍之介,2
15038,中村有志,15039,斉木しげる,2
12330,喜多村英梨,12331,中川亜紀子,2
12330,喜多村英梨,13444,松野太紀,2
12330,喜多村英梨,8545,こおろぎさとみ,2
19919,宮本佳那子,20670,生天目仁美,2
19919,宮本佳那子,20671,渕上舞,2
20670,生天目仁美,20671,渕上舞,2
1171,山本太郎,18784,藤波心,2
16326,橋本わかな,16327,平沢いずみ,2
10164,真山明大,1694,板尾創路,2
10164,真山明大,19989,壇蜜,2
462,椎名桔平,946,深田恭子,2
462,椎名桔平,5279,塚本高史,2
462,椎名桔平,4797,香川照之,2
462,椎名桔平,465,小雪,2
2321,大塚明夫,2322,田中敦子,2
15324,佐藤綾乃,18682,相楽樹,2
15324,佐藤綾乃,21654,仙石みなみ,2
1138,犬山イヌコ,11902,宮野真守,2
1138,犬山イヌコ,13470,石塚運昇,2
1138,犬山イヌコ,19879,悠木碧,2
1138,犬山イヌコ,205,大谷育江,2
1138,犬山イヌコ,2977,林原めぐみ,2
1138,犬山イヌコ,3547,三木眞一郎,2
7629,六平直政,944,大竹しのぶ,2
21432,中根久美子,21433,白石晴香,2
21432,中根久美子,21434,高橋伸也,2
10046,正木蒼二,22,清水美那,2
22,清水美那,9187,河合龍之介,2
15384,山田ゆり,16070,春山怜那,2
21193,星名利華,21194,溝口恵,2
6213,森田亜紀,6218,宮田亜紀,2
1401,高岡蒼佑,8703,吉高由里子,2
3607,小出恵介,5497,林遣都,2
3607,小出恵介,7996,小林且弥,2
3607,小出恵介,9868,永田彬,2
3607,小出恵介,9869,今野浩喜,2
3607,小出恵介,9870,品川祐,2
3607,小出恵介,9871,千原せいじ,2
12306,及川光博,9298,水谷豊,2
14613,折笠富美子,4767,三石琴乃,2
13443,山口由里子,17198,矢尾一樹,2
13443,山口由里子,17199,チョー,2
17198,矢尾一樹,17199,チョー,2
17198,矢尾一樹,1818,平田広明,2
17198,矢尾一樹,890,山口勝平,2
17198,矢尾一樹,9,田中真弓,2
17199,チョー,1818,平田広明,2
17199,チョー,890,山口勝平,2
17199,チョー,9,田中真弓,2
16099,寺崎裕香,17773,大原崇,2
16099,寺崎裕香,9551,斎賀みつき,2
17773,大原崇,9551,斎賀みつき,2
5509,子安武人,5511,斎藤千和,2
7933,塩見三省,8710,加瀬亮,2
10086,白竜,10167,中野英雄,2
19446,うえはらしょういちろう,19447,うえはらゆみこ,2
11892,柳沢三千代,18994,潘めぐみ,2
11892,柳沢三千代,18995,松山鷹志,2
17844,神田朱未,17973,塩山由佳,2
17844,神田朱未,9551,斎賀みつき,2
17973,塩山由佳,9551,斎賀みつき,2
12575,鎌苅健太,13188,鈴木勝吾,2
12575,鎌苅健太,16836,馬場良馬,2
12575,鎌苅健太,18574,辻本祐樹,2
12575,鎌苅健太,19415,蕨野友也,2
18069,甲斐田裕子,9349,藤村歩,2
16302,遠山貴弘,16303,青木伸也,2
16302,遠山貴弘,16321,植竹直人,2
13035,井上正大,13036,戸谷公人,2
1082,藤木直人,1813,綾瀬はるか,2
18574,辻本祐樹,19415,蕨野友也,2
9469,眞田惠津子,9471,村上留美,2
4034,吉井怜,6998,神楽坂恵,2
4034,吉井怜,781,高野八誠,2
6998,神楽坂恵,781,高野八誠,2
6998,神楽坂恵,7632,吉沢明歩,2
733,櫻井翔,734,酒井若菜,2
17017,ギンティ小林,17018,田野辺尚人,2
17017,ギンティ小林,17019,市川力夫,2
17018,田野辺尚人,17019,市川力夫,2
425,柏原収史,5723,小松彩華,2
6521,高橋真由美,7115,宇野祥平,2
2322,田中敦子,2323,山寺宏一,2
15214,土方くるみ,15699,安亜希子,2
16276,ナオミ・グレース,16278,国分佐智子,2
13765,高岡蒼甫,1412,田畑智子,2
9810,片岡信和,9811,逢沢りな,2
9810,片岡信和,9812,碓井将大,2
9810,片岡信和,9813,海老澤健次,2
9810,片岡信和,9815,杉本有美,2
8633,中村勘三郎,8639,中村芝翫,2
8633,中村勘三郎,8634,中村勘太郎,2
6409,二宮敦,6417,入江麻友子,2
6409,二宮敦,6414,末野卓磨,2
6409,二宮敦,6415,津田耕作,2
12272,水沢史絵,6264,水樹奈々,2
12326,沖佳苗,12330,喜多村英梨,2
12326,沖佳苗,12331,中川亜紀子,2
12326,沖佳苗,13444,松野太紀,2
12326,沖佳苗,8545,こおろぎさとみ,2
12637,阿久沢麗加,6226,長宗我部陽子,2
5541,渡辺久美子,925,折笠冨美子,2
4330,亜紗美,4332,デモ田中,2
6787,神谷健太,6791,津波信二,2
3223,石田卓也,9930,芦名星,2
3223,石田卓也,944,大竹しのぶ,2
15039,斉木しげる,15044,大竹まこと,2
710,ならはしみき,8545,こおろぎさとみ,2
14931,有馬えりか,15214,土方くるみ,2
15215,浦井なお,15699,安亜希子,2
2717,紺野美沙子,2718,小林桂樹,2
2717,紺野美沙子,2719,馬渕晴子,2
3862,小桜エツ子,5511,斎藤千和,2
3863,中田譲治,5511,斎藤千和,2
12649,相葉弘樹,13040,松坂桃李,2
12649,相葉弘樹,8725,高梨臨,2
3131,並木愛枝,8544,地曵豪,2
13444,松野太紀,8545,こおろぎさとみ,2
7708,前田公輝,7710,飛鳥凛,2
7708,前田公輝,7711,松山愛里,2
9298,水谷豊,9300,寺脇康文,2
9806,古原靖久,9810,片岡信和,2
9806,古原靖久,9811,逢沢りな,2
9806,古原靖久,9812,碓井将大,2
9806,古原靖久,9813,海老澤健次,2
9806,古原靖久,9814,徳山秀典,2
9806,古原靖久,9815,杉本有美,2
9811,逢沢りな,9812,碓井将大,2
9811,逢沢りな,9813,海老澤健次,2
9811,逢沢りな,9814,徳山秀典,2
9811,逢沢りな,9815,杉本有美,2
9812,碓井将大,9813,海老澤健次,2
9812,碓井将大,9814,徳山秀典,2
9812,碓井将大,9815,杉本有美,2
9813,海老澤健次,9814,徳山秀典,2
9813,海老澤健次,9815,杉本有美,2
9814,徳山秀典,9815,杉本有美,2
860,寺島しのぶ,861,田口トモロヲ,2
6262,小西克幸,9547,柿原徹也,2
6262,小西克幸,9548,井上麻里奈,2
9547,柿原徹也,9548,井上麻里奈,2
12449,原田大二郎,12910,高山未帆,2
12910,高山未帆,6113,山本博子,2
196,蔵下穂波,198,平良とみ,2
12331,中川亜紀子,13444,松野太紀,2
12331,中川亜紀子,8545,こおろぎさとみ,2
11905,根本正勝,12046,中村誠治郎,2
11905,根本正勝,4355,秋山莉奈,2
280,切通理作,7266,宮川ひろみ,2
4629,ディラン・クォ,5579,石橋凌,2
7710,飛鳥凛,7711,松山愛里,2
5510,草尾毅,5511,斎藤千和,2
4323,下元史朗,6408,鈴木茜,2
4323,下元史朗,6409,二宮敦,2
4323,下元史朗,6410,次原かな,2
6408,鈴木茜,6417,入江麻友子,2
6408,鈴木茜,6414,末野卓磨,2
6408,鈴木茜,6415,津田耕作,2
10089,KOJI,9412,波岡一喜,2
3821,イジリー岡田,3822,なべやかん,2
3594,小林政広,3878,渡辺真起子,2
3546,川上とも子,3862,小桜エツ子,2
3546,川上とも子,3863,中田譲治,2
3546,川上とも子,5509,子安武人,2
3546,川上とも子,5510,草尾毅,2
3546,川上とも子,5511,斎藤千和,2
3546,川上とも子,5541,渡辺久美子,2
8154,益子梨恵,8162,出合正幸,2
8154,益子梨恵,8155,街田しおん,2
3094,高橋真唯,3607,小出恵介,2
3094,高橋真唯,7996,小林且弥,2
3094,高橋真唯,9868,永田彬,2
3094,高橋真唯,9869,今野浩喜,2
3094,高橋真唯,9870,品川祐,2
3094,高橋真唯,9871,千原せいじ,2
7996,小林且弥,9868,永田彬,2
7996,小林且弥,9869,今野浩喜,2
7996,小林且弥,9870,品川祐,2
7996,小林且弥,9871,千原せいじ,2
9868,永田彬,9869,今野浩喜,2
9868,永田彬,9870,品川祐,2
9868,永田彬,9871,千原せいじ,2
9869,今野浩喜,9870,品川祐,2
9869,今野浩喜,9871,千原せいじ,2
9870,品川祐,9871,千原せいじ,2
9777,進藤学,9778,南圭介,2
9777,進藤学,9779,八神蓮,2
9778,南圭介,9779,八神蓮,2
6410,次原かな,6417,入江麻友子,2
6410,次原かな,6414,末野卓磨,2
6410,次原かな,6415,津田耕作,2
6863,甲斐麻美,6866,木口亜矢,2
6919,西宮ゆき,9578,竹藤洋美,2
6919,西宮ゆき,6920,竹藤佳世,2
7114,鈴木なつみ,7115,宇野祥平,2
7114,鈴木なつみ,7403,三浦影虎,2
7760,中村優一,9862,関俊彦,2
7760,中村優一,9864,遊佐浩二,2
7760,中村優一,9872,てらそままさき,2
8152,永倉大輔,8154,益子梨恵,2
8152,永倉大輔,8155,街田しおん,2
9862,関俊彦,9864,遊佐浩二,2
9862,関俊彦,9872,てらそままさき,2
9864,遊佐浩二,9872,てらそままさき,2
9346,鈴村健一,9349,藤村歩,2
6414,末野卓磨,6415,津田耕作,2
6414,末野卓磨,7525,高田健一,2
6412,岩間天嗣,6417,入江麻友子,2
6412,岩間天嗣,6414,末野卓磨,2
6412,岩間天嗣,6415,津田耕作,2
6413,吉川けんじ,6417,入江麻友子,2
6413,吉川けんじ,6414,末野卓磨,2
6413,吉川けんじ,6415,津田耕作,2
6417,入江麻友子,7525,高田健一,2
6415,津田耕作,7525,高田健一,2
7115,宇野祥平,7408,赤土万寿子,2
7115,宇野祥平,7406,梅野渚,2
6520,礒村将友,6521,高橋真由美,2
1832,千佳,1833,表ウララ,2
1832,千佳,1834,多々納斉,2
1833,表ウララ,1834,多々納斉,2
3512,与座嘉秋,3513,愛川ゆず季,2
3512,与座嘉秋,3514,高杢禎彦,2
3513,愛川ゆず季,3514,高杢禎彦,2
228,谷内伸也,230,古屋敬多,2
